Store,Date,Weekly_Sales,Holiday_Flag,Temperature,Fuel_Price,CPI,Unemployment,Year,Week,Month,week_sin,week_cos,month_sin,month_cos,CPI_Fuel,Temp_Unemployment,sales_lag_1,sales_lag_2,sales_lag_3,sales_roll_mean_3,Store_enc
8,2010-02-12,994801.4,1,33.34,2.548,214.6214189,6.299,2010,6,2,0.6631226582407952,0.7485107481711011,0.8660254037844386,0.5000000000000001,546.8553753572,210.00866000000002,1004137.09,,,1056057.806666668,43
15,2010-02-12,682447.1,1,22.0,2.94,131.5866129,8.35,2010,6,2,0.6631226582407952,0.7485107481711011,0.8660254037844386,0.5000000000000001,386.864641926,183.7,652122.44,,,1062772.543333335,6
43,2010-02-12,682918.99,1,47.99,2.548,203.2010968,9.521,2010,6,2,0.6631226582407952,0.7485107481711011,0.8660254037844386,0.5000000000000001,517.7563946463999,456.91279000000003,647029.28,,,683741.1966666677,37
5,2010-02-12,311825.7,1,39.81,2.548,211.8004698,6.566,2010,6,2,0.6631226582407952,0.7485107481711011,0.8660254037844386,0.5000000000000001,539.6675970504,261.39246,317173.1,,,447683.23333333427,40
39,2010-02-12,1266229.07,1,44.58,2.548,209.9970208,8.554,2010,6,2,0.6631226582407952,0.7485107481711011,0.8660254037844386,0.5000000000000001,535.0724089984,381.33732,1230596.8,,,759142.1500000012,32
26,2010-02-12,1015684.09,1,18.14,2.771,131.5866129,8.488,2010,6,2,0.6631226582407952,0.7485107481711011,0.8660254037844386,0.5000000000000001,364.6265043459,153.97232,1034119.21,,,1080907.8800000015,18
34,2010-02-12,994610.99,1,36.13,2.573,126.4962581,9.521,2010,6,2,0.6631226582407952,0.7485107481711011,0.8660254037844386,0.5000000000000001,325.4748720913,343.99373,956228.96,,,1187988.7733333353,27
33,2010-02-12,294882.83,1,55.47,2.828,126.4962581,10.115,2010,6,2,0.6631226582407952,0.7485107481711011,0.8660254037844386,0.5000000000000001,357.7314179068,561.07905,274593.43,,,873531.6833333351,26
7,2010-02-12,524104.92,1,25.9,2.572,189.4642725,9.014,2010,6,2,0.6631226582407952,0.7485107481711011,0.8660254037844386,0.5000000000000001,487.30210887,233.46259999999998,496725.44,,,671600.7866666681,42
13,2010-02-12,2030933.46,1,33.16,2.671,126.4962581,8.316,2010,6,2,0.6631226582407952,0.7485107481711011,0.8660254037844386,0.5000000000000001,337.87150538509997,275.75856,1967220.53,,,1094080.593333335,4
40,2010-02-12,955338.29,1,20.84,2.771,131.5866129,5.892,2010,6,2,0.6631226582407952,0.7485107481711011,0.8660254037844386,0.5000000000000001,364.6265043459,122.78928,1001943.8,,,994953.0633333344,34
12,2010-02-12,1117863.33,1,47.87,2.946,126.4962581,13.975,2010,6,2,0.6631226582407952,0.7485107481711011,0.8660254037844386,0.5000000000000001,372.65797636260004,668.98325,1100046.37,,,804474.7100000015,3
19,2010-02-12,1536549.95,1,23.22,2.94,131.5866129,8.35,2010,6,2,0.6631226582407952,0.7485107481711011,0.8660254037844386,0.5000000000000001,386.864641926,193.88699999999997,1507637.17,,,1013270.4466666683,10
38,2010-02-12,342214.9,1,47.87,2.946,126.4962581,13.975,2010,6,2,0.6631226582407952,0.7485107481711011,0.8660254037844386,0.5000000000000001,372.65797636260004,668.98325,358496.14,,,1536542.5500000007,31
9,2010-02-12,552677.48,1,37.08,2.548,214.8056534,6.415,2010,6,2,0.6631226582407952,0.7485107481711011,0.8660254037844386,0.5000000000000001,547.3248048632,237.8682,549505.55,,,1129258.5966666683,44
2,2010-02-12,2137809.5,1,38.49,2.548,210.8979935,8.324,2010,6,2,0.6631226582407952,0.7485107481711011,0.8660254037844386,0.5000000000000001,537.3680874380001,320.39076,2136989.46,,,615213.5733333334,11
45,2010-02-12,656988.64,1,27.73,2.773,181.982317,8.992,2010,6,2,0.6631226582407952,0.7485107481711011,0.8660254037844386,0.5000000000000001,504.636965041,249.34816000000004,890689.51,,,738275.5133333345,39
20,2010-02-12,2109107.9,1,22.12,2.773,204.3857472,8.187,2010,6,2,0.6631226582407952,0.7485107481711011,0.8660254037844386,0.5000000000000001,566.7616769856,181.09644,2401395.47,,,622363.2333333353,12
27,2010-02-12,1745362.72,1,29.81,2.94,135.4113076,8.237,2010,6,2,0.6631226582407952,0.7485107481711011,0.8660254037844386,0.5000000000000001,398.10924434399993,245.54497,1874289.79,,,1272192.6966666682,19
4,2010-02-12,2188307.39,1,28.84,2.573,126.4962581,8.623,2010,6,2,0.6631226582407952,0.7485107481711011,0.8660254037844386,0.5000000000000001,325.4748720913,248.68731999999997,2135143.87,,,693241.9700000008,33
29,2010-02-12,529672.95,1,28.14,2.771,131.5866129,10.064,2010,6,2,0.6631226582407952,0.7485107481711011,0.8660254037844386,0.5000000000000001,364.6265043459,283.20096,538634.46,,,544532.6900000017,21
31,2010-02-12,1543947.23,1,37.77,2.548,210.8979935,8.324,2010,6,2,0.6631226582407952,0.7485107481711011,0.8660254037844386,0.5000000000000001,537.3680874380001,314.39748000000003,1469252.05,,,1714001.8333333347,24
18,2010-02-12,1187880.7,1,26.41,2.771,131.5866129,9.202,2010,6,2,0.6631226582407952,0.7485107481711011,0.8660254037844386,0.5000000000000001,364.6265043459,243.02482,1205307.5,,,1893583.7666666685,9
16,2010-02-12,472044.28,1,20.87,2.572,189.4642725,7.039,2010,6,2,0.6631226582407952,0.7485107481711011,0.8660254037844386,0.5000000000000001,487.30210887,146.90393,477409.3,,,1364146.0066666685,7
11,2010-02-12,1574684.08,1,48.01,2.548,214.5747916,7.368,2010,6,2,0.6631226582407952,0.7485107481711011,0.8660254037844386,0.5000000000000001,546.7365689968,353.73768,1528008.64,,,570425.0766666682,2
36,2010-02-12,469563.7,1,46.11,2.539,209.9970208,8.554,2010,6,2,0.6631226582407952,0.7485107481711011,0.8660254037844386,0.5000000000000001,533.1824358112,394.42494,467546.74,,,1068518.750000001,29
42,2010-02-12,575709.96,1,49.96,2.828,126.4962581,9.765,2010,6,2,0.6631226582407952,0.7485107481711011,0.8660254037844386,0.5000000000000001,357.7314179068,487.85940000000005,543384.01,,,888201.0833333344,36
14,2010-02-12,1704218.84,1,27.73,2.773,181.982317,8.992,2010,6,2,0.6631226582407952,0.7485107481711011,0.8660254037844386,0.5000000000000001,504.636965041,249.34816000000004,2623469.95,,,1279073.5100000016,5
21,2010-02-12,809321.44,1,37.77,2.548,210.8979935,8.324,2010,6,2,0.6631226582407952,0.7485107481711011,0.8660254037844386,0.5000000000000001,537.3680874380001,314.39748000000003,798593.88,,,1003845.9200000021,13
32,2010-02-12,1123566.12,1,28.09,2.572,189.4642725,9.014,2010,6,2,0.6631226582407952,0.7485107481711011,0.8660254037844386,0.5000000000000001,487.30210887,253.20325999999997,1087616.19,,,780817.7966666683,25
37,2010-02-12,529852.7,1,46.11,2.548,209.9970208,8.554,2010,6,2,0.6631226582407952,0.7485107481711011,0.8660254037844386,0.5000000000000001,535.0724089984,394.42494,536006.73,,,1110819.8233333344,30
41,2010-02-12,1075656.34,1,23.04,2.572,189.4642725,7.541,2010,6,2,0.6631226582407952,0.7485107481711011,0.8660254037844386,0.5000000000000001,487.30210887,173.74464,1086533.18,,,1428718.360000001,35
25,2010-02-12,583364.02,1,19.64,2.773,204.3857472,8.187,2010,6,2,0.6631226582407952,0.7485107481711011,0.8660254037844386,0.5000000000000001,566.7616769856,160.79268,677231.63,,,897268.2366666686,17
17,2010-02-12,841951.91,1,18.36,2.671,126.4962581,6.548,2010,6,2,0.6631226582407952,0.7485107481711011,0.8660254037844386,0.5000000000000001,337.87150538509997,120.22128,789036.02,,,707523.5933333352,8
22,2010-02-12,1022571.25,1,28.14,2.771,135.4113076,8.283,2010,6,2,0.6631226582407952,0.7485107481711011,0.8660254037844386,0.5000000000000001,375.22473335959995,233.08362,1033017.37,,,1434057.236666669,14
28,2010-02-12,1558968.49,1,47.87,2.946,126.4962581,13.975,2010,6,2,0.6631226582407952,0.7485107481711011,0.8660254037844386,0.5000000000000001,372.65797636260004,668.98325,1672352.29,,,1261343.7366666682,20
6,2010-02-12,1606283.86,1,40.57,2.548,212.7700425,7.259,2010,6,2,0.6631226582407952,0.7485107481711011,0.8660254037844386,0.5000000000000001,542.13806829,294.49763,1652635.1,,,578989.2633333344,41
3,2010-02-12,420728.96,1,47.93,2.548,214.5747916,7.368,2010,6,2,0.6631226582407952,0.7485107481711011,0.8660254037844386,0.5000000000000001,546.7365689968,353.14824,461622.22,,,1185894.6100000003,22
23,2010-02-12,1380892.08,1,18.75,2.771,131.5866129,5.892,2010,6,2,0.6631226582407952,0.7485107481711011,0.8660254037844386,0.5000000000000001,364.6265043459,110.47500000000001,1364721.58,,,697140.1466666685,15
10,2010-02-12,2176028.52,1,49.96,2.828,126.4962581,9.765,2010,6,2,0.6631226582407952,0.7485107481711011,0.8660254037844386,0.5000000000000001,357.7314179068,487.85940000000005,2193048.75,,,878716.7033333349,1
30,2010-02-12,497374.57,1,37.77,2.548,210.8979935,8.324,2010,6,2,0.6631226582407952,0.7485107481711011,0.8660254037844386,0.5000000000000001,537.3680874380001,314.39748000000003,465108.52,,,1069860.213333335,23
24,2010-02-12,1414107.1,1,25.94,2.94,131.5866129,8.326,2010,6,2,0.6631226582407952,0.7485107481711011,0.8660254037844386,0.5000000000000001,386.864641926,215.97644000000003,1388725.63,,,685996.8066666682,16
44,2010-02-12,286857.13,1,33.16,2.671,126.4962581,8.119,2010,6,2,0.6631226582407952,0.7485107481711011,0.8660254037844386,0.5000000000000001,337.87150538509997,269.22603999999995,281090.95,,,840071.8300000014,38
35,2010-02-12,1168815.31,1,29.81,2.773,135.4113076,9.262,2010,6,2,0.6631226582407952,0.7485107481711011,0.8660254037844386,0.5000000000000001,375.49555597479997,276.10022,1230613.5,,,1069229.0733333346,28
45,2010-02-19,841264.04,0,31.27,2.745,182.0347816,8.992,2010,7,2,0.7485107481711011,0.6631226582407953,0.8660254037844386,0.5000000000000001,499.685475492,281.17984,656988.64,890689.51,,514296.3766666678,39
29,2010-02-19,542399.07,0,31.96,2.747,131.637,10.064,2010,7,2,0.7485107481711011,0.6631226582407953,0.8660254037844386,0.5000000000000001,361.606839,321.64544,529672.95,538634.46,,834442.303333335,21
41,2010-02-19,1052034.74,0,24.13,2.55,189.5340998,7.541,2010,7,2,0.7485107481711011,0.6631226582407953,0.8660254037844386,0.5000000000000001,483.31195449,181.96433,1075656.34,1086533.18,,888161.1933333342,35
27,2010-02-19,1945070.33,0,32.44,2.909,135.4657781,8.237,2010,7,2,0.7485107481711011,0.6631226582407953,0.8660254037844386,0.5000000000000001,394.0699484929,267.20828,1745362.72,1874289.79,,1484260.8066666683,19
42,2010-02-19,508794.87,0,58.22,2.915,126.5262857,9.765,2010,7,2,0.7485107481711011,0.6631226582407953,0.8660254037844386,0.5000000000000001,368.8241228155,568.5183000000001,575709.96,543384.01,,884912.2733333344,36
21,2010-02-19,867283.25,0,39.75,2.514,210.9451605,8.324,2010,7,2,0.7485107481711011,0.6631226582407953,0.8660254037844386,0.5000000000000001,530.3161334969999,330.879,809321.44,798593.88,,1516248.460000002,13
36,2010-02-19,470281.03,0,45.66,2.472,210.0451024,8.554,2010,7,2,0.7485107481711011,0.6631226582407953,0.8660254037844386,0.5000000000000001,519.2314931328,390.57563999999996,469563.7,467546.74,,1494069.2433333343,29
17,2010-02-19,800714.0,0,25.06,2.654,126.5262857,6.548,2010,7,2,0.7485107481711011,0.6631226582407953,0.8660254037844386,0.5000000000000001,335.8007622478,164.09287999999998,841951.91,789036.02,,758522.9333333351,8
18,2010-02-19,1150663.42,0,30.91,2.747,131.637,9.202,2010,7,2,0.7485107481711011,0.6631226582407953,0.8660254037844386,0.5000000000000001,361.606839,284.43382,1187880.7,1205307.5,,1685119.4766666684,9
10,2010-02-19,2113432.58,0,58.22,2.915,126.5262857,9.765,2010,7,2,0.7485107481711011,0.6631226582407953,0.8660254037844386,0.5000000000000001,368.8241228155,568.5183000000001,2176028.52,2193048.75,,962697.7400000016,1
16,2010-02-19,469868.7,0,21.13,2.55,189.5340998,7.039,2010,7,2,0.7485107481711011,0.6631226582407953,0.8660254037844386,0.5000000000000001,483.31195449,148.73406999999997,472044.28,477409.3,,2037093.8333333351,7
44,2010-02-19,267956.3,0,35.7,2.654,126.5262857,8.119,2010,7,2,0.7485107481711011,0.6631226582407953,0.8660254037844386,0.5000000000000001,335.8007622478,289.8483,286857.13,281090.95,,868146.1900000013,38
37,2010-02-19,510382.5,0,45.66,2.514,210.0451024,8.554,2010,7,2,0.7485107481711011,0.6631226582407953,0.8660254037844386,0.5000000000000001,528.0533874335999,390.57563999999996,529852.7,536006.73,,1576301.406666668,30
4,2010-02-19,2049860.26,0,36.45,2.54,126.5262857,8.623,2010,7,2,0.7485107481711011,0.6631226582407953,0.8660254037844386,0.5000000000000001,321.376765678,314.30835,2188307.39,2135143.87,,780227.9533333341,33
31,2010-02-19,1473386.75,0,39.75,2.514,210.9451605,8.324,2010,7,2,0.7485107481711011,0.6631226582407953,0.8660254037844386,0.5000000000000001,530.3161334969999,330.879,1543947.23,1469252.05,,1042206.3033333346,24
11,2010-02-19,1503298.7,0,48.3,2.514,214.6198868,7.368,2010,7,2,0.7485107481711011,0.6631226582407953,0.8660254037844386,0.5000000000000001,539.5543954151999,355.8744,1574684.08,1528008.64,,916640.163333335,2
12,2010-02-19,1095421.65,0,54.83,2.915,126.5262857,13.975,2010,7,2,0.7485107481711011,0.6631226582407953,0.8660254037844386,0.5000000000000001,368.8241228155,766.24925,1117863.33,1100046.37,,509907.8833333349,3
14,2010-02-19,2204556.7,0,31.27,2.745,182.0347816,8.992,2010,7,2,0.7485107481711011,0.6631226582407953,0.8660254037844386,0.5000000000000001,499.685475492,281.17984,1704218.84,2623469.95,,1271618.1366666683,5
38,2010-02-19,327237.92,0,54.83,2.915,126.5262857,13.975,2010,7,2,0.7485107481711011,0.6631226582407953,0.8660254037844386,0.5000000000000001,368.8241228155,766.24925,342214.9,358496.14,,1434163.9200000006,31
25,2010-02-19,676260.67,0,24.16,2.745,204.4321004,8.187,2010,7,2,0.7485107481711011,0.6631226582407953,0.8660254037844386,0.5000000000000001,561.166115598,197.79791999999998,583364.02,677231.63,,1279374.633333335,17
43,2010-02-19,658997.55,0,48.77,2.514,203.2479796,9.521,2010,7,2,0.7485107481711011,0.6631226582407953,0.8660254037844386,0.5000000000000001,510.96542071439995,464.3391700000001,682918.99,647029.28,,627783.9500000011,37
7,2010-02-19,506760.54,0,27.28,2.55,189.5340998,9.014,2010,7,2,0.7485107481711011,0.6631226582407953,0.8660254037844386,0.5000000000000001,483.31195449,245.90192,524104.92,496725.44,,555993.4933333347,42
24,2010-02-19,1385362.49,0,31.05,2.909,131.637,8.326,2010,7,2,0.7485107481711011,0.6631226582407953,0.8660254037844386,0.5000000000000001,382.932033,258.52230000000003,1414107.1,1388725.63,,491117.2700000016,16
19,2010-02-19,1515976.11,0,28.57,2.909,131.637,8.35,2010,7,2,0.7485107481711011,0.6631226582407953,0.8660254037844386,0.5000000000000001,382.932033,238.55949999999999,1536549.95,1507637.17,,1012438.6300000018,10
26,2010-02-19,999348.55,0,22.62,2.747,131.637,8.488,2010,7,2,0.7485107481711011,0.6631226582407953,0.8660254037844386,0.5000000000000001,361.606839,191.99856,1015684.09,1034119.21,,1340490.3966666684,18
35,2010-02-19,1270658.64,0,32.44,2.745,135.4657781,9.262,2010,7,2,0.7485107481711011,0.6631226582407953,0.8660254037844386,0.5000000000000001,371.8535608845,300.45928,1168815.31,1230613.5,,1276336.8333333347,28
39,2010-02-19,1230591.97,0,43.96,2.514,210.0451024,8.554,2010,7,2,0.7485107481711011,0.6631226582407953,0.8660254037844386,0.5000000000000001,528.0533874335999,376.03384,1266229.07,1230596.8,,1066021.4033333345,32
23,2010-02-19,1319588.04,0,26.7,2.747,131.637,5.892,2010,7,2,0.7485107481711011,0.6631226582407953,0.8660254037844386,0.5000000000000001,361.606839,157.31640000000002,1380892.08,1364721.58,,921444.5266666686,15
3,2010-02-19,421642.19,0,47.07,2.514,214.6198868,7.368,2010,7,2,0.7485107481711011,0.6631226582407953,0.8660254037844386,0.5000000000000001,539.5543954151999,346.81176,420728.96,461622.22,,1211010.7000000004,22
9,2010-02-19,511327.9,0,43.06,2.514,214.8506185,6.415,2010,7,2,0.7485107481711011,0.6631226582407953,0.8660254037844386,0.5000000000000001,540.1344549089999,276.22990000000004,552677.48,549505.55,,1318564.2200000016,44
8,2010-02-19,963960.37,0,39.1,2.514,214.6664878,6.299,2010,7,2,0.7485107481711011,0.6631226582407953,0.8660254037844386,0.5000000000000001,539.6715503291999,246.29090000000002,994801.4,1004137.09,,761175.9400000013,43
30,2010-02-19,463513.26,0,39.75,2.514,210.9451605,8.324,2010,7,2,0.7485107481711011,0.6631226582407953,0.8660254037844386,0.5000000000000001,530.3161334969999,330.879,497374.57,465108.52,,924275.1800000019,23
32,2010-02-19,1082559.06,0,29.16,2.55,189.5340998,9.014,2010,7,2,0.7485107481711011,0.6631226582407953,0.8660254037844386,0.5000000000000001,483.31195449,262.84824,1123566.12,1087616.19,,784535.0033333348,25
33,2010-02-19,296850.83,0,62.16,2.915,126.5262857,10.115,2010,7,2,0.7485107481711011,0.6631226582407953,0.8660254037844386,0.5000000000000001,368.8241228155,628.7484,294882.83,274593.43,,728004.5166666685,26
28,2010-02-19,1491300.42,0,54.83,2.915,126.5262857,13.975,2010,7,2,0.7485107481711011,0.6631226582407953,0.8660254037844386,0.5000000000000001,368.8241228155,766.24925,1558968.49,1672352.29,,927704.4566666683,20
15,2010-02-19,660838.75,0,27.54,2.909,131.637,8.35,2010,7,2,0.7485107481711011,0.6631226582407953,0.8660254037844386,0.5000000000000001,382.932033,229.95899999999997,682447.1,652122.44,,1059992.300000002,6
5,2010-02-19,303447.57,0,41.14,2.514,211.8471283,6.566,2010,7,2,0.7485107481711011,0.6631226582407953,0.8660254037844386,0.5000000000000001,532.5836805462,270.12524,311825.7,317173.1,,478424.38333333423,40
22,2010-02-19,988467.61,0,31.96,2.747,135.4657781,8.283,2010,7,2,0.7485107481711011,0.6631226582407953,0.8660254037844386,0.5000000000000001,372.12449244069995,264.72468,1022571.25,1033017.37,,1274214.860000002,14
2,2010-02-19,2124451.54,0,39.69,2.514,210.9451605,8.324,2010,7,2,0.7485107481711011,0.6631226582407953,0.8660254037844386,0.5000000000000001,530.3161334969999,330.37955999999997,2137809.5,2136989.46,,665365.6566666667,11
34,2010-02-19,983963.07,0,38.36,2.54,126.5262857,9.521,2010,7,2,0.7485107481711011,0.6631226582407953,0.8660254037844386,0.5000000000000001,321.376765678,365.22556000000003,994610.99,956228.96,,1065031.7266666687,27
6,2010-02-19,1567138.07,0,43.58,2.514,212.8161546,7.259,2010,7,2,0.7485107481711011,0.6631226582407953,0.8660254037844386,0.5000000000000001,535.0198126644,316.34722,1606283.86,1652635.1,,917835.6533333343,41
13,2010-02-19,1970274.64,0,35.7,2.654,126.5262857,8.316,2010,7,2,0.7485107481711011,0.6631226582407953,0.8660254037844386,0.5000000000000001,335.8007622478,296.88120000000004,2030933.46,1967220.53,,541580.6733333349,4
40,2010-02-19,916289.2,0,27.84,2.747,131.637,5.892,2010,7,2,0.7485107481711011,0.6631226582407953,0.8660254037844386,0.5000000000000001,361.606839,164.03328000000002,955338.29,1001943.8,,1134394.0266666678,34
20,2010-02-19,2161549.76,0,25.43,2.745,204.4321004,8.187,2010,7,2,0.7485107481711011,0.6631226582407953,0.8660254037844386,0.5000000000000001,561.166115598,208.19540999999998,2109107.9,2401395.47,,874678.4033333352,12
44,2010-02-26,273079.07,0,29.98,2.667,126.5522857,8.119,2010,8,2,0.8229838658936564,0.5680647467311559,0.8660254037844386,0.5000000000000001,337.51494596189997,243.40762,267956.3,286857.13,281090.95,1020085.1733333346,38
3,2010-02-26,407204.86,0,52.05,2.561,214.6475127,7.368,2010,8,2,0.8229838658936564,0.5680647467311559,0.8660254037844386,0.5000000000000001,549.7122800247,383.5044,421642.19,420728.96,461622.22,1168895.1400000004,22
9,2010-02-26,473773.27,0,43.83,2.561,214.8780453,6.415,2010,8,2,0.8229838658936564,0.5680647467311559,0.8660254037844386,0.5000000000000001,550.3026740133,281.16945,511327.9,552677.48,549505.55,1524908.6666666681,44
36,2010-02-26,447519.44,0,50.87,2.52,210.0771885,8.554,2010,8,2,0.8229838658936564,0.5680647467311559,0.8660254037844386,0.5000000000000001,529.39451502,435.14198,470281.03,469563.7,467546.74,1764910.0433333341,29
14,2010-02-26,2095591.63,0,34.89,2.754,182.0774691,8.992,2010,8,2,0.8229838658936564,0.5680647467311559,0.8660254037844386,0.5000000000000001,501.44134990140003,313.73088,2204556.7,1704218.84,2623469.95,1164882.903333335,5
10,2010-02-26,2006774.96,0,52.77,2.825,126.5522857,9.765,2010,8,2,0.8229838658936564,0.5680647467311559,0.8660254037844386,0.5000000000000001,357.51020710250003,515.2990500000001,2113432.58,2176028.52,2193048.75,596743.823333335,1
11,2010-02-26,1336404.65,0,52.79,2.561,214.6475127,7.368,2010,8,2,0.8229838658936564,0.5680647467311559,0.8660254037844386,0.5000000000000001,549.7122800247,388.95672,1503298.7,1574684.08,1528008.64,1366036.8066666683,2
37,2010-02-26,513615.82,0,50.87,2.561,210.0771885,8.554,2010,8,2,0.8229838658936564,0.5680647467311559,0.8660254037844386,0.5000000000000001,538.0076797485,435.14198,510382.5,529852.7,536006.73,1409743.590000001,30
25,2010-02-26,628516.57,0,29.16,2.754,204.4630869,8.187,2010,8,2,0.8229838658936564,0.5680647467311559,0.8660254037844386,0.5000000000000001,563.0913413226,238.73291999999998,676260.67,583364.02,677231.63,1463558.1133333351,17
43,2010-02-26,618702.79,0,48.77,2.561,203.2798724,9.521,2010,8,2,0.8229838658936564,0.5680647467311559,0.8660254037844386,0.5000000000000001,520.5997532163999,464.3391700000001,658997.55,682918.99,647029.28,752174.9366666678,37
15,2010-02-26,564883.2,0,29.87,2.91,131.686,8.35,2010,8,2,0.8229838658936564,0.5680647467311559,0.8660254037844386,0.5000000000000001,383.20626000000004,249.4145,660838.75,682447.1,652122.44,713705.4366666685,6
22,2010-02-26,899761.48,0,35.98,2.753,135.5195191,8.283,2010,8,2,0.8229838658936564,0.5680647467311559,0.8660254037844386,0.5000000000000001,373.0852360823,298.02233999999993,988467.61,1022571.25,1033017.37,1028988.5933333352,14
21,2010-02-26,749597.24,0,45.31,2.561,210.9759573,8.324,2010,8,2,0.8229838658936564,0.5680647467311559,0.8660254037844386,0.5000000000000001,540.3094266453,377.16044,867283.25,809321.44,798593.88,1245095.410000002,13
32,2010-02-26,1053247.1,0,26.64,2.586,189.6018023,9.014,2010,8,2,0.8229838658936564,0.5680647467311559,0.8660254037844386,0.5000000000000001,490.3102607478,240.13296,1082559.06,1123566.12,1087616.19,1374314.123333335,25
26,2010-02-26,855385.01,0,27.32,2.753,131.686,8.488,2010,8,2,0.8229838658936564,0.5680647467311559,0.8660254037844386,0.5000000000000001,362.531558,231.89216,999348.55,1015684.09,1034119.21,989896.9233333351,18
33,2010-02-26,284052.77,0,56.5,2.825,126.5522857,10.115,2010,8,2,0.8229838658936564,0.5680647467311559,0.8660254037844386,0.5000000000000001,357.51020710250003,571.4975000000001,296850.83,294882.83,274593.43,955343.3733333353,26
4,2010-02-26,1925728.84,0,41.36,2.59,126.5522857,8.623,2010,8,2,0.8229838658936564,0.5680647467311559,0.8660254037844386,0.5000000000000001,327.770419963,356.64727999999997,2049860.26,2188307.39,2135143.87,1188635.1600000008,33
38,2010-02-26,334222.73,0,50.23,2.825,126.5522857,13.975,2010,8,2,0.8229838658936564,0.5680647467311559,0.8660254037844386,0.5000000000000001,357.51020710250003,701.96425,327237.92,342214.9,358496.14,1713368.803333334,31
31,2010-02-26,1344354.41,0,45.31,2.561,210.9759573,8.324,2010,8,2,0.8229838658936564,0.5680647467311559,0.8660254037844386,0.5000000000000001,540.3094266453,377.16044,1473386.75,1543947.23,1469252.05,1822745.160000001,24
40,2010-02-26,863917.41,0,33.32,2.753,131.686,5.892,2010,8,2,0.8229838658936564,0.5680647467311559,0.8660254037844386,0.5000000000000001,362.531558,196.32144000000002,916289.2,955338.29,1001943.8,1412844.026666668,34
13,2010-02-26,1817850.32,0,29.98,2.667,126.5522857,8.316,2010,8,2,0.8229838658936564,0.5680647467311559,0.8660254037844386,0.5000000000000001,337.51494596189997,249.31368000000003,1970274.64,2030933.46,1967220.53,832581.7366666682,4
34,2010-02-26,905756.13,0,37.28,2.59,126.5522857,9.521,2010,8,2,0.8229838658936564,0.5680647467311559,0.8660254037844386,0.5000000000000001,327.770419963,354.94288000000006,983963.07,994610.99,956228.96,1012605.220000002,27
5,2010-02-26,270281.63,0,46.7,2.561,211.8771468,6.566,2010,8,2,0.8229838658936564,0.5680647467311559,0.8660254037844386,0.5000000000000001,542.6173729548,306.6322,303447.57,311825.7,317173.1,863648.9666666676,40
8,2010-02-26,847592.11,0,37.91,2.561,214.6940735,6.299,2010,8,2,0.8229838658936564,0.5680647467311559,0.8660254037844386,0.5000000000000001,549.8315222335,238.79509,963960.37,994801.4,1004137.09,1184741.2033333348,43
39,2010-02-26,1168582.02,0,49.79,2.561,210.0771885,8.554,2010,8,2,0.8229838658936564,0.5680647467311559,0.8660254037844386,0.5000000000000001,538.0076797485,425.90366,1230591.97,1266229.07,1230596.8,1083244.6433333345,32
6,2010-02-26,1432953.21,0,47.1,2.561,212.845337,7.259,2010,8,2,0.8229838658936564,0.5680647467311559,0.8660254037844386,0.5000000000000001,545.096908057,341.8989,1567138.07,1606283.86,1652635.1,714007.3966666675,41
19,2010-02-26,1373270.06,0,30.33,2.91,131.686,8.35,2010,8,2,0.8229838658936564,0.5680647467311559,0.8660254037844386,0.5000000000000001,383.20626000000004,253.25549999999998,1515976.11,1536549.95,1507637.17,720851.9100000017,10
24,2010-02-26,1158722.74,0,33.98,2.91,131.686,8.326,2010,8,2,0.8229838658936564,0.5680647467311559,0.8660254037844386,0.5000000000000001,383.20626000000004,282.91748,1385362.49,1414107.1,1388725.63,529665.7433333349,16
23,2010-02-26,1198709.65,0,32.68,2.753,131.686,5.892,2010,8,2,0.8229838658936564,0.5680647467311559,0.8660254037844386,0.5000000000000001,362.531558,192.55056000000002,1319588.04,1380892.08,1364721.58,703902.9300000019,15
28,2010-02-26,1542173.33,0,50.23,2.825,126.5522857,13.975,2010,8,2,0.8229838658936564,0.5680647467311559,0.8660254037844386,0.5000000000000001,357.51020710250003,701.96425,1491300.42,1558968.49,1672352.29,832617.533333335,20
12,2010-02-26,1048617.17,0,50.23,2.825,126.5522857,13.975,2010,8,2,0.8229838658936564,0.5680647467311559,0.8660254037844386,0.5000000000000001,357.51020710250003,701.96425,1095421.65,1117863.33,1100046.37,1056770.4266666682,3
35,2010-02-26,1020651.74,0,36.0,2.754,135.5195191,9.262,2010,8,2,0.8229838658936564,0.5680647467311559,0.8660254037844386,0.5000000000000001,373.2207556014,333.432,1270658.64,1168815.31,1230613.5,1271924.3466666678,28
30,2010-02-26,472330.71,0,45.31,2.561,210.9759573,8.324,2010,8,2,0.8229838658936564,0.5680647467311559,0.8660254037844386,0.5000000000000001,540.3094266453,377.16044,463513.26,497374.57,465108.52,1460782.080000002,23
17,2010-02-26,749549.55,0,15.64,2.667,126.5522857,6.548,2010,8,2,0.8229838658936564,0.5680647467311559,0.8660254037844386,0.5000000000000001,337.51494596189997,102.41072,800714.0,841951.91,789036.02,1220549.0200000019,8
7,2010-02-26,496083.24,0,24.91,2.586,189.6018023,9.014,2010,8,2,0.8229838658936564,0.5680647467311559,0.8660254037844386,0.5000000000000001,490.3102607478,224.53874,506760.54,524104.92,496725.44,603848.086666668,42
42,2010-02-26,491510.58,0,52.77,2.825,126.5522857,9.765,2010,8,2,0.8229838658936564,0.5680647467311559,0.8660254037844386,0.5000000000000001,357.51020710250003,515.2990500000001,508794.87,575709.96,543384.01,722187.3100000011,36
16,2010-02-26,443242.17,0,18.12,2.586,189.6018023,7.039,2010,8,2,0.8229838658936564,0.5680647467311559,0.8660254037844386,0.5000000000000001,490.3102607478,127.54668,469868.7,472044.28,477409.3,1873743.9633333355,7
41,2010-02-26,991941.73,0,21.84,2.586,189.6018023,7.541,2010,8,2,0.8229838658936564,0.5680647467311559,0.8660254037844386,0.5000000000000001,490.3102607478,164.69544000000002,1052034.74,1075656.34,1086533.18,1068122.0600000008,35
20,2010-02-26,1898193.95,0,32.32,2.754,204.4630869,8.187,2010,8,2,0.8229838658936564,0.5680647467311559,0.8660254037844386,0.5000000000000001,563.0913413226,264.60384,2161549.76,2109107.9,2401395.47,1231678.3666666686,12
27,2010-02-26,1390934.27,0,36.0,2.91,135.5195191,8.237,2010,8,2,0.8229838658936564,0.5680647467311559,0.8660254037844386,0.5000000000000001,394.361800581,296.532,1945070.33,1745362.72,1874289.79,1889503.0533333349,19
18,2010-02-26,1068157.45,0,35.42,2.753,131.686,9.202,2010,8,2,0.8229838658936564,0.5680647467311559,0.8660254037844386,0.5000000000000001,362.531558,325.93484,1150663.42,1187880.7,1205307.5,1709265.8033333353,9
29,2010-02-26,488417.61,0,35.98,2.753,131.686,10.064,2010,8,2,0.8229838658936564,0.5680647467311559,0.8660254037844386,0.5000000000000001,362.531558,362.10272,542399.07,529672.95,538634.46,753643.023333335,21
45,2010-02-26,741891.65,0,34.89,2.754,182.0774691,8.992,2010,8,2,0.8229838658936564,0.5680647467311559,0.8660254037844386,0.5000000000000001,501.44134990140003,313.73088,841264.04,656988.64,890689.51,556479.0566666678,39
2,2010-02-26,1865097.27,0,46.1,2.561,210.9759573,8.324,2010,8,2,0.8229838658936564,0.5680647467311559,0.8660254037844386,0.5000000000000001,540.3094266453,383.7364,2124451.54,2137809.5,2136989.46,769434.6366666667,11
14,2010-03-05,2237544.75,0,37.13,2.777,182.1201566,8.992,2010,9,3,0.8854560256532099,0.4647231720437686,1.0,6.123233995736766e-17,505.74767487820003,333.87296000000003,2095591.63,2204556.7,1704218.84,889640.0333333351,5
24,2010-03-05,1412387.37,0,36.73,2.919,131.735,8.326,2010,9,3,0.8854560256532099,0.4647231720437686,1.0,6.123233995736766e-17,384.53446500000007,305.81398,1158722.74,1385362.49,1414107.1,1070879.8666666683,16
9,2010-03-05,507297.88,0,48.43,2.625,214.9054721,6.415,2010,9,3,0.8854560256532099,0.4647231720437686,1.0,6.123233995736766e-17,564.1268642625,310.67845,473773.27,511327.9,552677.48,1291086.593333335,44
22,2010-03-05,1009201.24,0,36.82,2.766,135.5732602,8.283,2010,9,3,0.8854560256532099,0.4647231720437686,1.0,6.123233995736766e-17,374.9956377132,304.98006,899761.48,988467.61,1022571.25,817561.8433333352,14
23,2010-03-05,1311175.93,0,33.15,2.766,131.735,5.892,2010,9,3,0.8854560256532099,0.4647231720437686,1.0,6.123233995736766e-17,364.37901000000005,195.31980000000001,1198709.65,1319588.04,1380892.08,988835.4933333352,15
28,2010-03-05,1608435.45,0,53.77,2.987,126.5782857,13.975,2010,9,3,0.8854560256532099,0.4647231720437686,1.0,6.123233995736766e-17,378.0893393859,751.43575,1542173.33,1491300.42,1558968.49,719168.3933333349,20
2,2010-03-05,1991013.13,0,47.17,2.625,211.0067542,8.324,2010,9,3,0.8854560256532099,0.4647231720437686,1.0,6.123233995736766e-17,553.892729775,392.64308,1865097.27,2124451.54,2137809.5,838863.2033333333,11
31,2010-03-05,1384870.51,0,48.61,2.625,211.0067542,8.324,2010,9,3,0.8854560256532099,0.4647231720437686,1.0,6.123233995736766e-17,553.892729775,404.62964,1344354.41,1473386.75,1543947.23,1550115.7400000012,24
38,2010-03-05,372239.89,0,53.77,2.987,126.5782857,13.975,2010,9,3,0.8854560256532099,0.4647231720437686,1.0,6.123233995736766e-17,378.0893393859,751.43575,334222.73,327237.92,342214.9,1297065.7366666673,31
20,2010-03-05,2119213.72,0,31.75,2.777,204.4940734,8.187,2010,9,3,0.8854560256532099,0.4647231720437686,1.0,6.123233995736766e-17,567.8800418318,259.93725,1898193.95,2161549.76,2109107.9,1312338.1200000017,12
25,2010-03-05,665750.06,0,29.45,2.777,204.4940734,8.187,2010,9,3,0.8854560256532099,0.4647231720437686,1.0,6.123233995736766e-17,567.8800418318,241.10715,628516.57,676260.67,583364.02,1313912.1366666686,17
21,2010-03-05,747444.32,0,48.61,2.625,211.0067542,8.324,2010,9,3,0.8854560256532099,0.4647231720437686,1.0,6.123233995736766e-17,553.892729775,404.62964,749597.24,867283.25,809321.44,898389.4200000021,13
35,2010-03-05,1162610.27,0,38.07,2.777,135.5732602,9.262,2010,9,3,0.8854560256532099,0.4647231720437686,1.0,6.123233995736766e-17,376.4869435754,352.60434000000004,1020651.74,1270658.64,1168815.31,1358029.826666668,28
3,2010-03-05,415202.04,0,53.04,2.625,214.6751386,7.368,2010,9,3,0.8854560256532099,0.4647231720437686,1.0,6.123233995736766e-17,563.522238825,390.79872,407204.86,421642.19,420728.96,981414.8300000002,22
37,2010-03-05,519255.68,0,51.33,2.625,210.1092746,8.554,2010,9,3,0.8854560256532099,0.4647231720437686,1.0,6.123233995736766e-17,551.536845825,439.07682,513615.82,510382.5,529852.7,1767785.290000001,30
17,2010-03-05,783300.05,0,31.58,2.681,126.5782857,6.548,2010,9,3,0.8854560256532099,0.4647231720437686,1.0,6.123233995736766e-17,339.3563839617,206.78583999999998,749549.55,800714.0,841951.91,1286343.4266666686,8
7,2010-03-05,491419.55,0,35.86,2.62,189.6695049,9.014,2010,9,3,0.8854560256532099,0.4647231720437686,1.0,6.123233995736766e-17,496.934102838,323.24204,496083.24,506760.54,524104.92,709379.5433333347,42
10,2010-03-05,1987090.09,0,55.92,2.877,126.5782857,9.765,2010,9,3,0.8854560256532099,0.4647231720437686,1.0,6.123233995736766e-17,364.16572795889994,546.0588,2006774.96,2113432.58,2176028.52,589617.4800000015,1
30,2010-03-05,472591.07,0,48.61,2.625,211.0067542,8.324,2010,9,3,0.8854560256532099,0.4647231720437686,1.0,6.123233995736766e-17,553.892729775,404.62964,472330.71,463513.26,497374.57,1333600.5066666685,23
12,2010-03-05,1077018.27,0,53.77,2.987,126.5782857,13.975,2010,9,3,0.8854560256532099,0.4647231720437686,1.0,6.123233995736766e-17,378.0893393859,751.43575,1048617.17,1095421.65,1117863.33,1254309.3000000014,3
4,2010-03-05,1971057.44,0,43.49,2.654,126.5782857,8.623,2010,9,3,0.8854560256532099,0.4647231720437686,1.0,6.123233995736766e-17,335.9387702478,375.01427,1925728.84,2049860.26,2188307.39,1237799.0900000008,33
39,2010-03-05,1266254.21,0,50.93,2.625,210.1092746,8.554,2010,9,3,0.8854560256532099,0.4647231720437686,1.0,6.123233995736766e-17,551.536845825,435.65522,1168582.02,1230591.97,1266229.07,1117370.4566666677,32
16,2010-03-05,444181.85,0,27.92,2.62,189.6695049,7.039,2010,9,3,0.8854560256532099,0.4647231720437686,1.0,6.123233995736766e-17,496.934102838,196.52888000000002,443242.17,469868.7,472044.28,1656350.620000002,7
18,2010-03-05,1179738.5,0,37.17,2.766,131.735,9.202,2010,9,3,0.8854560256532099,0.4647231720437686,1.0,6.123233995736766e-17,364.37901000000005,342.03834,1068157.45,1150663.42,1187880.7,1191807.5266666685,9
42,2010-03-05,554972.42,0,55.92,2.877,126.5782857,9.765,2010,9,3,0.8854560256532099,0.4647231720437686,1.0,6.123233995736766e-17,364.16572795889994,546.0588,491510.58,508794.87,575709.96,614772.750000001,36
11,2010-03-05,1426622.65,0,53.96,2.625,214.6751386,7.368,2010,9,3,0.8854560256532099,0.4647231720437686,1.0,6.123233995736766e-17,563.522238825,397.57728000000003,1336404.65,1503298.7,1574684.08,1591680.8866666686,2
36,2010-03-05,480203.43,0,51.33,2.574,210.1092746,8.554,2010,9,3,0.8854560256532099,0.4647231720437686,1.0,6.123233995736766e-17,540.8212728203999,439.07682,447519.44,470281.03,469563.7,1601694.7166666677,29
13,2010-03-05,1939980.43,0,40.65,2.681,126.5782857,8.316,2010,9,3,0.8854560256532099,0.4647231720437686,1.0,6.123233995736766e-17,339.3563839617,338.04540000000003,1817850.32,1970274.64,2030933.46,889228.2433333349,4
43,2010-03-05,658600.05,0,52.89,2.625,203.3117653,9.521,2010,9,3,0.8854560256532099,0.4647231720437686,1.0,6.123233995736766e-17,533.6933839124999,503.5656900000001,618702.79,658997.55,682918.99,1372237.9866666677,37
29,2010-03-05,535087.91,0,36.82,2.766,131.735,10.064,2010,9,3,0.8854560256532099,0.4647231720437686,1.0,6.123233995736766e-17,364.37901000000005,370.55648,488417.61,542399.07,529672.95,1163301.8800000018,21
44,2010-03-05,284617.27,0,40.65,2.681,126.5782857,8.119,2010,9,3,0.8854560256532099,0.4647231720437686,1.0,6.123233995736766e-17,339.3563839617,330.03735,273079.07,267956.3,286857.13,874419.246666668,38
15,2010-03-05,605325.43,0,31.79,2.919,131.735,8.35,2010,9,3,0.8854560256532099,0.4647231720437686,1.0,6.123233995736766e-17,384.53446500000007,265.44649999999996,564883.2,660838.75,682447.1,637563.0200000019,6
40,2010-03-05,990152.28,0,34.78,2.766,131.735,5.892,2010,9,3,0.8854560256532099,0.4647231720437686,1.0,6.123233995736766e-17,364.37901000000005,204.92376000000002,863917.41,916289.2,955338.29,1295135.9133333343,34
27,2010-03-05,1313729.72,0,38.07,2.919,135.5732602,8.237,2010,9,3,0.8854560256532099,0.4647231720437686,1.0,6.123233995736766e-17,395.7383465238,313.58259,1390934.27,1945070.33,1745362.72,1853101.3300000017,19
5,2010-03-05,288855.71,0,48.89,2.625,211.9071653,6.566,2010,9,3,0.8854560256532099,0.4647231720437686,1.0,6.123233995736766e-17,556.2563089125,321.01174,270281.63,303447.57,311825.7,1020812.9866666676,40
41,2010-03-05,1063557.49,0,32.49,2.62,189.6695049,7.541,2010,9,3,0.8854560256532099,0.4647231720437686,1.0,6.123233995736766e-17,496.934102838,245.00709000000003,991941.73,1052034.74,1075656.34,1360611.5533333344,35
8,2010-03-05,881503.95,0,45.64,2.625,214.7216592,6.299,2010,9,3,0.8854560256532099,0.4647231720437686,1.0,6.123233995736766e-17,563.6443554,287.48636000000005,847592.11,963960.37,994801.4,1064825.3333333347,43
45,2010-03-05,777951.22,0,37.13,2.777,182.1201566,8.992,2010,9,3,0.8854560256532099,0.4647231720437686,1.0,6.123233995736766e-17,505.74767487820003,333.87296000000003,741891.65,841264.04,656988.64,713312.7400000012,39
32,2010-03-05,1066566.74,0,37.72,2.62,189.6695049,9.014,2010,9,3,0.8854560256532099,0.4647231720437686,1.0,6.123233995736766e-17,496.934102838,340.00807999999995,1053247.1,1082559.06,1123566.12,1456896.9400000013,25
33,2010-03-05,291484.89,0,59.17,2.877,126.5782857,10.115,2010,9,3,0.8854560256532099,0.4647231720437686,1.0,6.123233995736766e-17,364.16572795889994,598.50455,284052.77,296850.83,294882.83,1257110.0766666685,26
6,2010-03-05,1601348.82,0,49.63,2.625,212.8745193,7.259,2010,9,3,0.8854560256532099,0.4647231720437686,1.0,6.123233995736766e-17,558.7956131625,360.26417000000004,1432953.21,1567138.07,1606283.86,1223815.0566666676,41
26,2010-03-05,1005669.58,0,28.6,2.766,131.735,8.488,2010,9,3,0.8854560256532099,0.4647231720437686,1.0,6.123233995736766e-17,364.37901000000005,242.7568,855385.01,999348.55,1015684.09,1220199.1500000015,18
34,2010-03-05,918295.79,0,42.65,2.654,126.5782857,9.521,2010,9,3,0.8854560256532099,0.4647231720437686,1.0,6.123233995736766e-17,335.9387702478,406.07065,905756.13,983963.07,994610.99,1126140.063333335,27
19,2010-03-05,1495844.57,0,32.92,2.919,131.735,8.35,2010,9,3,0.8854560256532099,0.4647231720437686,1.0,6.123233995736766e-17,384.53446500000007,274.882,1373270.06,1515976.11,1536549.95,739914.2800000018,10
40,2010-03-12,899352.4,0,35.1,2.805,131.784,5.892,2010,10,3,0.9350162426854148,0.35460488704253557,1.0,6.123233995736766e-17,369.65412,206.80920000000003,990152.28,863917.41,916289.2,1340920.7633333344,34
6,2010-03-12,1558621.36,0,58.82,2.667,212.9037017,7.259,2010,10,3,0.9350162426854148,0.35460488704253557,1.0,6.123233995736766e-17,567.8141724339,426.97438,1601348.82,1432953.21,1567138.07,1405334.5533333344,41
3,2010-03-12,384200.69,0,63.08,2.667,214.7027646,7.368,2010,10,3,0.9350162426854148,0.35460488704253557,1.0,6.123233995736766e-17,572.6122731882,464.77344,415202.04,407204.86,421642.19,1000422.6033333335,22
10,2010-03-12,1941346.13,0,52.33,3.034,126.6042857,9.765,2010,10,3,0.9350162426854148,0.35460488704253557,1.0,6.123233995736766e-17,384.11740281379997,511.00245,1987090.09,2006774.96,2113432.58,583337.1933333349,1
18,2010-03-12,1138800.32,0,42.39,2.805,131.784,9.202,2010,10,3,0.9350162426854148,0.35460488704253557,1.0,6.123233995736766e-17,369.65412,390.07278,1179738.5,1068157.45,1150663.42,1479912.9466666684,9
38,2010-03-12,342023.92,0,50.11,2.925,126.6042857,13.975,2010,10,3,0.9350162426854148,0.35460488704253557,1.0,6.123233995736766e-17,370.3175356725,700.28725,372239.89,334222.73,327237.92,1248517.4200000006,31
7,2010-03-12,480452.1,0,27.25,2.684,189.7372075,9.014,2010,10,3,0.9350162426854148,0.35460488704253557,1.0,6.123233995736766e-17,509.25466493000005,245.6315,491419.55,496083.24,506760.54,588267.176666668,42
20,2010-03-12,2010974.84,0,43.82,2.818,204.5250598,8.187,2010,10,3,0.9350162426854148,0.35460488704253557,1.0,6.123233995736766e-17,576.3516185164,358.75433999999996,2119213.72,1898193.95,2161549.76,1070580.3833333352,12
9,2010-03-12,494145.8,0,55.76,2.667,214.932899,6.415,2010,10,3,0.9350162426854148,0.35460488704253557,1.0,6.123233995736766e-17,573.2260416329999,357.7004,507297.88,473773.27,511327.9,1150641.0333333348,44
4,2010-03-12,1894324.09,0,49.63,2.704,126.6042857,8.623,2010,10,3,0.9350162426854148,0.35460488704253557,1.0,6.123233995736766e-17,342.3379885328,427.95949,1971057.44,1925728.84,2049860.26,1091386.1033333342,33
27,2010-03-12,1925113.12,0,45.98,2.938,135.6270013,8.237,2010,10,3,0.9350162426854148,0.35460488704253557,1.0,6.123233995736766e-17,398.4721298194,378.73726,1313729.72,1390934.27,1945070.33,1530180.0400000017,19
31,2010-03-12,1366193.35,0,57.1,2.667,211.037551,8.324,2010,10,3,0.9350162426854148,0.35460488704253557,1.0,6.123233995736766e-17,562.837148517,475.3004,1384870.51,1344354.41,1473386.75,1519360.1233333347,24
16,2010-03-12,445393.74,0,28.64,2.684,189.7372075,7.039,2010,10,3,0.9350162426854148,0.35460488704253557,1.0,6.123233995736766e-17,509.25466493000005,201.59696,444181.85,443242.17,469868.7,1510094.9333333352,7
42,2010-03-12,588363.62,0,52.33,3.034,126.6042857,9.765,2010,10,3,0.9350162426854148,0.35460488704253557,1.0,6.123233995736766e-17,384.11740281379997,511.00245,554972.42,491510.58,508794.87,515836.8933333345,36
43,2010-03-12,645386.94,0,53.67,2.667,203.3436582,9.521,2010,10,3,0.9350162426854148,0.35460488704253557,1.0,6.123233995736766e-17,542.3175364194,510.99207000000007,658600.05,618702.79,658997.55,1408914.7000000011,37
15,2010-03-12,604173.59,0,41.39,2.938,131.784,8.35,2010,10,3,0.9350162426854148,0.35460488704253557,1.0,6.123233995736766e-17,387.181392,345.6065,605325.43,564883.2,660838.75,679061.490000002,6
41,2010-03-12,1023997.71,0,33.4,2.684,189.7372075,7.541,2010,10,3,0.9350162426854148,0.35460488704253557,1.0,6.123233995736766e-17,509.25466493000005,251.8694,1063557.49,991941.73,1052034.74,1304990.5366666676,35
5,2010-03-12,297293.59,0,58.5,2.667,211.9371839,6.566,2010,10,3,0.9350162426854148,0.35460488704253557,1.0,6.123233995736766e-17,565.2364694613,384.111,288855.71,270281.63,303447.57,1150141.6100000008,40
32,2010-03-12,1093319.37,0,39.88,2.684,189.7372075,9.014,2010,10,3,0.9350162426854148,0.35460488704253557,1.0,6.123233995736766e-17,509.25466493000005,359.47832,1066566.74,1053247.1,1082559.06,1714654.7633333348,25
26,2010-03-12,963382.09,0,31.1,2.805,131.784,8.488,2010,10,3,0.9350162426854148,0.35460488704253557,1.0,6.123233995736766e-17,369.65412,263.9768,1005669.58,855385.01,999348.55,1099389.453333335,18
39,2010-03-12,1244391.83,0,61.88,2.667,210.1413607,8.554,2010,10,3,0.9350162426854148,0.35460488704253557,1.0,6.123233995736766e-17,560.4470089869,529.3215200000001,1266254.21,1168582.02,1230591.97,1077489.7833333344,32
19,2010-03-12,1467889.2,0,39.06,2.938,131.784,8.35,2010,10,3,0.9350162426854148,0.35460488704253557,1.0,6.123233995736766e-17,387.181392,326.151,1495844.57,1373270.06,1515976.11,861376.743333335,10
28,2010-03-12,1326877.11,0,50.11,2.925,126.6042857,13.975,2010,10,3,0.9350162426854148,0.35460488704253557,1.0,6.123233995736766e-17,370.3175356725,700.28725,1608435.45,1542173.33,1491300.42,965830.803333335,20
30,2010-03-12,468189.93,0,57.1,2.667,211.037551,8.324,2010,10,3,0.9350162426854148,0.35460488704253557,1.0,6.123233995736766e-17,562.837148517,475.3004,472591.07,472330.71,463513.26,1267709.5600000017,23
21,2010-03-12,712312.89,0,57.1,2.667,211.037551,8.324,2010,10,3,0.9350162426854148,0.35460488704253557,1.0,6.123233995736766e-17,562.837148517,475.3004,747444.32,749597.24,867283.25,519954.6433333354,13
37,2010-03-12,513015.35,0,61.96,2.667,210.1413607,8.554,2010,10,3,0.9350162426854148,0.35460488704253557,1.0,6.123233995736766e-17,560.4470089869,530.00584,519255.68,513615.82,510382.5,1421324.150000001,30
17,2010-03-12,763961.82,0,29.71,2.733,126.6042857,6.548,2010,10,3,0.9350162426854148,0.35460488704253557,1.0,6.123233995736766e-17,346.0095128181,194.54108,783300.05,749549.55,800714.0,1162490.8033333353,8
8,2010-03-12,860336.16,0,49.76,2.667,214.7492449,6.299,2010,10,3,0.9350162426854148,0.35460488704253557,1.0,6.123233995736766e-17,572.7362361483,313.43824,881503.95,847592.11,963960.37,1460802.566666668,43
44,2010-03-12,272190.83,0,37.62,2.733,126.6042857,8.119,2010,10,3,0.9350162426854148,0.35460488704253557,1.0,6.123233995736766e-17,346.0095128181,305.43678,284617.27,273079.07,267956.3,856393.396666668,38
29,2010-03-12,519042.49,0,43.43,2.805,131.784,10.064,2010,10,3,0.9350162426854148,0.35460488704253557,1.0,6.123233995736766e-17,369.65412,437.07952,535087.91,488417.61,542399.07,872939.9366666684,21
23,2010-03-12,1408082.96,0,36.07,2.805,131.784,5.892,2010,10,3,0.9350162426854148,0.35460488704253557,1.0,6.123233995736766e-17,369.65412,212.52444000000003,1311175.93,1198709.65,1319588.04,964055.7933333352,15
22,2010-03-12,967187.37,0,43.43,2.805,135.6270013,8.283,2010,10,3,0.9350162426854148,0.35460488704253557,1.0,6.123233995736766e-17,380.4337386465,359.73069,1009201.24,899761.48,988467.61,852194.3900000019,14
25,2010-03-12,660619.99,0,40.05,2.818,204.5250598,8.187,2010,10,3,0.9350162426854148,0.35460488704253557,1.0,6.123233995736766e-17,576.3516185164,327.88935,665750.06,628516.57,676260.67,857733.2300000018,17
33,2010-03-12,312161.0,0,55.61,3.034,126.6042857,10.115,2010,10,3,0.9350162426854148,0.35460488704253557,1.0,6.123233995736766e-17,384.11740281379997,562.49515,291484.89,284052.77,296850.83,1441273.1933333352,26
14,2010-03-12,2156035.06,0,45.8,2.818,182.1628441,8.992,2010,10,3,0.9350162426854148,0.35460488704253557,1.0,6.123233995736766e-17,513.3348946738,411.8336,2237544.75,2095591.63,2204556.7,1137659.8966666684,5
12,2010-03-12,985594.23,0,50.11,2.925,126.6042857,13.975,2010,10,3,0.9350162426854148,0.35460488704253557,1.0,6.123233995736766e-17,370.3175356725,700.28725,1077018.27,1048617.17,1095421.65,1466824.5200000014,3
13,2010-03-12,1840686.94,0,37.62,2.733,126.6042857,8.316,2010,10,3,0.9350162426854148,0.35460488704253557,1.0,6.123233995736766e-17,346.0095128181,312.84792,1939980.43,1817850.32,1970274.64,1398174.673333335,4
35,2010-03-12,1150344.39,0,45.98,2.818,135.6270013,9.262,2010,10,3,0.9350162426854148,0.35460488704253557,1.0,6.123233995736766e-17,382.1968896634,425.86676,1162610.27,1020651.74,1270658.64,1175608.746666668,28
34,2010-03-12,921247.88,0,42.26,2.704,126.6042857,9.521,2010,10,3,0.9350162426854148,0.35460488704253557,1.0,6.123233995736766e-17,342.3379885328,402.35746,918295.79,905756.13,983963.07,900856.9033333352,27
45,2010-03-12,765687.42,0,45.8,2.818,182.1628441,8.992,2010,10,3,0.9350162426854148,0.35460488704253557,1.0,6.123233995736766e-17,513.3348946738,411.8336,777951.22,741891.65,841264.04,673597.9033333344,39
2,2010-03-12,1990483.78,0,57.56,2.667,211.037551,8.324,2010,10,3,0.9350162426854148,0.35460488704253557,1.0,6.123233995736766e-17,562.837148517,479.12944,1991013.13,1865097.27,2124451.54,979436.64,11
24,2010-03-12,1309340.16,0,42.31,2.938,131.784,8.326,2010,10,3,0.9350162426854148,0.35460488704253557,1.0,6.123233995736766e-17,387.181392,352.27306000000004,1412387.37,1158722.74,1385362.49,907750.6566666682,16
11,2010-03-12,1331883.16,0,64.1,2.667,214.7027646,7.368,2010,10,3,0.9350162426854148,0.35460488704253557,1.0,6.123233995736766e-17,572.6122731882,472.2888,1426622.65,1336404.65,1503298.7,1316398.603333335,2
36,2010-03-12,441434.2,0,61.96,2.619,210.1413607,8.554,2010,10,3,0.9350162426854148,0.35460488704253557,1.0,6.123233995736766e-17,550.3602236733001,530.00584,480203.43,447519.44,470281.03,1051236.630000001,29
32,2010-03-19,1059781.78,0,42.43,2.692,189.734262,9.014,2010,11,3,0.970941817426052,0.23931566428755804,1.0,6.123233995736766e-17,510.76463330400003,382.46401999999995,1093319.37,1066566.74,1053247.1,1668346.216666668,25
22,2010-03-19,966145.09,0,46.03,2.834,135.6682247,8.283,2010,11,3,0.970941817426052,0.23931566428755804,1.0,6.123233995736766e-17,384.4837487998,381.26649,967187.37,1009201.24,899761.48,536568.0533333352,14
8,2010-03-19,839911.0,0,47.26,2.72,214.5764954,6.299,2010,11,3,0.970941817426052,0.23931566428755804,1.0,6.123233995736766e-17,583.648067488,297.69074,860336.16,881503.95,847592.11,1448988.1200000013,43
6,2010-03-19,1693058.91,0,56.55,2.72,212.7351935,7.259,2010,11,3,0.970941817426052,0.23931566428755804,1.0,6.123233995736766e-17,578.63972632,410.49645,1558621.36,1601348.82,1432953.21,1707624.3100000012,41
31,2010-03-19,1332261.01,0,54.68,2.72,210.8733316,8.324,2010,11,3,0.970941817426052,0.23931566428755804,1.0,6.123233995736766e-17,573.5754619520001,455.15632,1366193.35,1384870.51,1344354.41,1126126.140000001,24
7,2010-03-19,574450.23,0,29.04,2.692,189.734262,9.014,2010,11,3,0.970941817426052,0.23931566428755804,1.0,6.123233995736766e-17,510.76463330400003,261.76655999999997,480452.1,491419.55,496083.24,775805.7100000015,42
17,2010-03-19,752034.52,0,33.96,2.782,126.6066452,6.548,2010,11,3,0.970941817426052,0.23931566428755804,1.0,6.123233995736766e-17,352.21968694640003,222.37008,763961.82,783300.05,749549.55,693352.2133333352,8
16,2010-03-19,504307.35,0,33.45,2.692,189.734262,7.039,2010,11,3,0.970941817426052,0.23931566428755804,1.0,6.123233995736766e-17,510.76463330400003,235.45455,445393.74,444181.85,443242.17,1659980.073333335,7
25,2010-03-19,659795.84,0,45.0,2.844,204.3782258,8.187,2010,11,3,0.970941817426052,0.23931566428755804,1.0,6.123233995736766e-17,581.2516741751999,368.41499999999996,660619.99,665750.06,628516.57,948139.7800000018,17
21,2010-03-19,727070.0,0,54.68,2.72,210.8733316,8.324,2010,11,3,0.970941817426052,0.23931566428755804,1.0,6.123233995736766e-17,573.5754619520001,455.15632,712312.89,747444.32,749597.24,953457.540000002,13
12,2010-03-19,972088.34,0,59.57,3.054,126.6066452,13.975,2010,11,3,0.970941817426052,0.23931566428755804,1.0,6.123233995736766e-17,386.6566944408,832.4907499999999,985594.23,1077018.27,1048617.17,1282070.216666668,3
36,2010-03-19,428851.99,0,59.56,2.701,209.9803208,8.554,2010,11,3,0.970941817426052,0.23931566428755804,1.0,6.123233995736766e-17,567.1568464808,509.47624,441434.2,480203.43,447519.44,1102655.2766666675,29
13,2010-03-19,1879794.89,0,42.49,2.782,126.6066452,8.316,2010,11,3,0.970941817426052,0.23931566428755804,1.0,6.123233995736766e-17,352.21968694640003,353.34684000000004,1840686.94,1939980.43,1817850.32,1370453.1033333351,4
10,2010-03-19,1946875.06,0,61.46,3.054,126.6066452,9.765,2010,11,3,0.970941817426052,0.23931566428755804,1.0,6.123233995736766e-17,386.6566944408,600.1569000000001,1941346.13,1987090.09,2006774.96,687239.8766666682,1
30,2010-03-19,445736.36,0,54.68,2.72,210.8733316,8.324,2010,11,3,0.970941817426052,0.23931566428755804,1.0,6.123233995736766e-17,573.5754619520001,455.15632,468189.93,472591.07,472330.71,911882.5200000018,23
37,2010-03-19,460020.74,0,59.56,2.72,209.9803208,8.554,2010,11,3,0.970941817426052,0.23931566428755804,1.0,6.123233995736766e-17,571.146472576,509.47624,513015.35,519255.68,513615.82,1444241.1733333345,30
35,2010-03-19,1117536.09,0,49.04,2.844,135.6682247,9.262,2010,11,3,0.970941817426052,0.23931566428755804,1.0,6.123233995736766e-17,385.84043104679995,454.20848,1150344.39,1162610.27,1020651.74,635850.0800000014,28
4,2010-03-19,1897429.36,0,55.19,2.743,126.6066452,8.623,2010,11,3,0.970941817426052,0.23931566428755804,1.0,6.123233995736766e-17,347.2820277836,475.90336999999994,1894324.09,1971057.44,1925728.84,823731.6033333341,33
42,2010-03-19,519914.1,0,61.46,3.054,126.6066452,9.765,2010,11,3,0.970941817426052,0.23931566428755804,1.0,6.123233995736766e-17,386.6566944408,600.1569000000001,588363.62,554972.42,491510.58,600034.3133333344,36
41,2010-03-19,1006597.69,0,36.7,2.692,189.734262,7.541,2010,11,3,0.970941817426052,0.23931566428755804,1.0,6.123233995736766e-17,510.76463330400003,276.7547,1023997.71,1063557.49,991941.73,1197373.4033333343,35
11,2010-03-19,1364207.0,0,61.51,2.72,214.5301219,7.368,2010,11,3,0.970941817426052,0.23931566428755804,1.0,6.123233995736766e-17,583.5219315680001,453.20568000000003,1331883.16,1426622.65,1336404.65,1296064.5200000016,2
43,2010-03-19,668098.49,0,56.0,2.72,203.195159,9.521,2010,11,3,0.970941817426052,0.23931566428755804,1.0,6.123233995736766e-17,552.69083248,533.176,645386.94,658600.05,618702.79,1039817.0266666677,37
3,2010-03-19,375328.59,0,60.42,2.72,214.5301219,7.368,2010,11,3,0.970941817426052,0.23931566428755804,1.0,6.123233995736766e-17,583.5219315680001,445.17456000000004,384200.69,415202.04,407204.86,787156.9300000002,22
9,2010-03-19,485744.61,0,53.15,2.72,214.7597274,6.415,2010,11,3,0.970941817426052,0.23931566428755804,1.0,6.123233995736766e-17,584.146458528,340.95725,494145.8,507297.88,473773.27,1316654.893333335,44
29,2010-03-19,496851.6,0,46.03,2.834,131.8242903,10.064,2010,11,3,0.970941817426052,0.23931566428755804,1.0,6.123233995736766e-17,373.5900387102,463.24592,519042.49,535087.91,488417.61,1382682.7000000018,21
45,2010-03-19,773819.49,0,48.79,2.844,182.0779857,8.992,2010,11,3,0.970941817426052,0.23931566428755804,1.0,6.123233995736766e-17,517.8297913307999,438.71968000000004,765687.42,777951.22,741891.65,772844.1700000012,39
39,2010-03-19,1301590.13,0,58.62,2.72,209.9803208,8.554,2010,11,3,0.970941817426052,0.23931566428755804,1.0,6.123233995736766e-17,571.146472576,501.43548,1244391.83,1266254.21,1168582.02,849390.9866666679,32
18,2010-03-19,1087507.47,0,45.42,2.834,131.8242903,9.202,2010,11,3,0.970941817426052,0.23931566428755804,1.0,6.123233995736766e-17,373.5900387102,417.95484,1138800.32,1179738.5,1068157.45,853126.0933333352,9
34,2010-03-19,892070.82,0,45.86,2.743,126.6066452,9.521,2010,11,3,0.970941817426052,0.23931566428755804,1.0,6.123233995736766e-17,347.2820277836,436.63306000000006,921247.88,918295.79,905756.13,1214913.8900000018,27
24,2010-03-19,1222511.29,0,46.09,2.96,131.8242903,8.326,2010,11,3,0.970941817426052,0.23931566428755804,1.0,6.123233995736766e-17,390.199899288,383.74534000000006,1309340.16,1412387.37,1158722.74,1122215.983333335,16
38,2010-03-19,333025.47,0,59.57,3.054,126.6066452,13.975,2010,11,3,0.970941817426052,0.23931566428755804,1.0,6.123233995736766e-17,386.6566944408,832.4907499999999,342023.92,372239.89,334222.73,853790.7166666673,31
20,2010-03-19,1951848.43,0,47.32,2.844,204.3782258,8.187,2010,11,3,0.970941817426052,0.23931566428755804,1.0,6.123233995736766e-17,581.2516741751999,387.40884,2010974.84,2119213.72,1898193.95,780379.0866666684,12
5,2010-03-19,281706.41,0,55.46,2.72,211.770897,6.566,2010,11,3,0.970941817426052,0.23931566428755804,1.0,6.123233995736766e-17,576.01683984,364.15036,297293.59,288855.71,270281.63,815059.2833333343,40
19,2010-03-19,1332940.35,0,43.74,2.96,131.8242903,8.35,2010,11,3,0.970941817426052,0.23931566428755804,1.0,6.123233995736766e-17,390.199899288,365.229,1467889.2,1495844.57,1373270.06,627570.6800000017,10
15,2010-03-19,593710.67,0,44.69,2.96,131.8242903,8.35,2010,11,3,0.970941817426052,0.23931566428755804,1.0,6.123233995736766e-17,390.199899288,373.1615,604173.59,605325.43,564883.2,672187.7566666686,6
2,2010-03-19,1946070.88,0,54.52,2.72,210.8733316,8.324,2010,11,3,0.970941817426052,0.23931566428755804,1.0,6.123233995736766e-17,573.5754619520001,453.82448,1990483.78,1991013.13,1865097.27,983063.6200000001,11
44,2010-03-19,269624.2,0,42.49,2.782,126.6066452,8.119,2010,11,3,0.970941817426052,0.23931566428755804,1.0,6.123233995736766e-17,352.21968694640003,344.97631,272190.83,284617.27,273079.07,619660.0566666679,38
27,2010-03-19,1700627.97,0,49.04,2.96,135.6682247,8.237,2010,11,3,0.970941817426052,0.23931566428755804,1.0,6.123233995736766e-17,401.577945112,403.94248,1925113.12,1313729.72,1390934.27,1311959.9066666681,19
23,2010-03-19,1229008.32,0,43.01,2.834,131.8242903,5.892,2010,11,3,0.970941817426052,0.23931566428755804,1.0,6.123233995736766e-17,373.5900387102,253.41492,1408082.96,1311175.93,1198709.65,1242807.7566666685,15
14,2010-03-19,2066219.3,0,48.79,2.844,182.0779857,8.992,2010,11,3,0.970941817426052,0.23931566428755804,1.0,6.123233995736766e-17,517.8297913307999,438.71968000000004,2156035.06,2237544.75,2095591.63,1117775.2200000016,5
33,2010-03-19,282235.73,0,64.6,3.054,126.6066452,10.115,2010,11,3,0.970941817426052,0.23931566428755804,1.0,6.123233995736766e-17,386.6566944408,653.429,312161.0,291484.89,284052.77,1230084.4766666684,26
28,2010-03-19,1279819.43,0,59.57,3.054,126.6066452,13.975,2010,11,3,0.970941817426052,0.23931566428755804,1.0,6.123233995736766e-17,386.6566944408,832.4907499999999,1326877.11,1608435.45,1542173.33,690313.3233333348,20
40,2010-03-19,894865.3,0,40.54,2.834,131.8242903,5.892,2010,11,3,0.970941817426052,0.23931566428755804,1.0,6.123233995736766e-17,373.5900387102,238.86168,899352.4,990152.28,863917.41,1208147.4600000011,34
26,2010-03-19,903366.55,0,35.34,2.834,131.8242903,8.488,2010,11,3,0.970941817426052,0.23931566428755804,1.0,6.123233995736766e-17,373.5900387102,299.96592000000004,963382.09,1005669.58,855385.01,1628540.8066666683,18
17,2010-03-26,793097.64,0,35.59,2.819,126.6050645,6.548,2010,12,3,0.992708874098054,0.120536680255323,1.0,6.123233995736766e-17,356.89967682549997,233.04332000000002,752034.52,763961.82,783300.05,555641.4666666685,8
39,2010-03-26,1235094.66,0,54.83,2.732,209.7870932,8.554,2010,12,3,0.992708874098054,0.120536680255323,1.0,6.123233995736766e-17,573.1383386224,469.01582,1301590.13,1244391.83,1266254.21,655870.9566666678,32
30,2010-03-26,442457.35,0,51.66,2.732,210.6766095,8.324,2010,12,3,0.992708874098054,0.120536680255323,1.0,6.123233995736766e-17,575.568497154,430.01784,445736.36,468189.93,472591.07,691143.8166666684,23
19,2010-03-26,1427023.45,0,39.07,2.963,131.863129,8.35,2010,12,3,0.992708874098054,0.120536680255323,1.0,6.123233995736766e-17,390.71045122699996,326.23449999999997,1332940.35,1467889.2,1495844.57,1161373.4900000016,10
28,2010-03-26,1245268.77,0,60.06,3.083,126.6050645,13.975,2010,12,3,0.992708874098054,0.120536680255323,1.0,6.123233995736766e-17,390.3234138535,839.3385,1279819.43,1326877.11,1608435.45,1238544.693333335,20
15,2010-03-26,592111.49,0,39.53,2.963,131.863129,8.35,2010,12,3,0.992708874098054,0.120536680255323,1.0,6.123233995736766e-17,390.71045122699996,330.0755,593710.67,604173.59,605325.43,678182.1500000019,6
24,2010-03-26,1258311.56,0,48.87,2.963,131.863129,8.326,2010,12,3,0.992708874098054,0.120536680255323,1.0,6.123233995736766e-17,390.71045122699996,406.89162,1222511.29,1309340.16,1412387.37,642196.6333333349,16
13,2010-03-26,1882095.98,0,41.48,2.819,126.6050645,8.316,2010,12,3,0.992708874098054,0.120536680255323,1.0,6.123233995736766e-17,356.89967682549997,344.94768,1879794.89,1840686.94,1939980.43,1305707.4466666682,4
5,2010-03-26,273282.97,0,52.47,2.732,211.5718925,6.566,2010,12,3,0.992708874098054,0.120536680255323,1.0,6.123233995736766e-17,578.01441031,344.51802,281706.41,297293.59,288855.71,778118.7000000008,40
26,2010-03-26,893613.0,0,35.26,2.831,131.863129,8.488,2010,12,3,0.992708874098054,0.120536680255323,1.0,6.123233995736766e-17,373.304518199,299.28687999999994,903366.55,963382.09,1005669.58,1525440.6833333347,18
21,2010-03-26,686497.53,0,51.66,2.732,210.6766095,8.324,2010,12,3,0.992708874098054,0.120536680255323,1.0,6.123233995736766e-17,575.568497154,430.01784,727070.0,712312.89,747444.32,993438.0933333352,13
23,2010-03-26,1310701.8,0,38.59,2.831,131.863129,5.892,2010,12,3,0.992708874098054,0.120536680255323,1.0,6.123233995736766e-17,373.304518199,227.37228000000005,1229008.32,1408082.96,1311175.93,873722.8500000018,15
34,2010-03-26,880742.35,0,42.91,2.752,126.6050645,9.521,2010,12,3,0.992708874098054,0.120536680255323,1.0,6.123233995736766e-17,348.417137504,408.54611,892070.82,921247.88,918295.79,1182693.8500000017,27
22,2010-03-26,1012075.12,0,48.56,2.831,135.7073618,8.283,2010,12,3,0.992708874098054,0.120536680255323,1.0,6.123233995736766e-17,384.1875412558,402.22248,966145.09,967187.37,1009201.24,855614.1433333354,14
42,2010-03-26,478021.68,0,60.05,2.98,126.6050645,9.765,2010,12,3,0.992708874098054,0.120536680255323,1.0,6.123233995736766e-17,377.28309221,586.38825,519914.1,588363.62,554972.42,772722.7600000012,36
8,2010-03-26,772539.12,0,46.51,2.732,214.3703567,6.299,2010,12,3,0.992708874098054,0.120536680255323,1.0,6.123233995736766e-17,585.6598145044001,292.96649,839911.0,860336.16,881503.95,1297766.526666668,43
41,2010-03-26,1015196.46,0,32.3,2.717,189.7195417,7.541,2010,12,3,0.992708874098054,0.120536680255323,1.0,6.123233995736766e-17,515.4679947989,243.5743,1006597.69,1023997.71,1063557.49,942944.3033333343,35
3,2010-03-26,359949.27,0,57.06,2.732,214.3241011,7.368,2010,12,3,0.992708874098054,0.120536680255323,1.0,6.123233995736766e-17,585.5334442052001,420.41808000000003,375328.59,384200.69,415202.04,507911.1433333336,22
31,2010-03-26,1229635.7,0,51.66,2.732,210.6766095,8.324,2010,12,3,0.992708874098054,0.120536680255323,1.0,6.123233995736766e-17,575.568497154,430.01784,1332261.01,1366193.35,1384870.51,864992.8600000009,24
9,2010-03-26,484946.56,0,51.8,2.732,214.5531227,6.415,2010,12,3,0.992708874098054,0.120536680255323,1.0,6.123233995736766e-17,586.1591312164,332.29699999999997,485744.61,494145.8,507297.88,1372041.1366666683,44
27,2010-03-26,1836714.84,0,52.34,2.963,135.7073618,8.237,2010,12,3,0.992708874098054,0.120536680255323,1.0,6.123233995736766e-17,402.10091301340003,431.12458000000004,1700627.97,1925113.12,1313729.72,1162926.576666668,19
33,2010-03-26,262893.76,0,64.09,2.98,126.6050645,10.115,2010,12,3,0.992708874098054,0.120536680255323,1.0,6.123233995736766e-17,377.28309221,648.27035,282235.73,312161.0,291484.89,1122131.9566666684,26
14,2010-03-26,2050396.27,0,54.36,2.854,181.9718697,8.992,2010,12,3,0.992708874098054,0.120536680255323,1.0,6.123233995736766e-17,519.3477161238001,488.80512000000004,2066219.3,2156035.06,2237544.75,1022198.663333335,5
44,2010-03-26,276279.49,0,41.48,2.819,126.6050645,8.119,2010,12,3,0.992708874098054,0.120536680255323,1.0,6.123233995736766e-17,356.89967682549997,336.77612,269624.2,272190.83,284617.27,1009646.2833333346,38
6,2010-03-26,1472033.38,0,53.74,2.732,212.533737,7.259,2010,12,3,0.992708874098054,0.120536680255323,1.0,6.123233995736766e-17,580.6421694840001,390.09866000000005,1693058.91,1558621.36,1601348.82,1401883.4033333343,41
40,2010-03-26,873354.58,0,39.51,2.831,131.863129,5.892,2010,12,3,0.992708874098054,0.120536680255323,1.0,6.123233995736766e-17,373.304518199,232.79292,894865.3,899352.4,990152.28,1175797.620000001,34
45,2010-03-26,782563.38,0,54.36,2.854,181.9718697,8.992,2010,12,3,0.992708874098054,0.120536680255323,1.0,6.123233995736766e-17,519.3477161238001,488.80512000000004,773819.49,765687.42,777951.22,675117.9466666677,39
29,2010-03-26,552985.34,0,48.56,2.831,131.863129,10.064,2010,12,3,0.992708874098054,0.120536680255323,1.0,6.123233995736766e-17,373.304518199,488.70784000000003,496851.6,519042.49,535087.91,1123631.6966666684,21
2,2010-03-26,1750197.81,0,51.26,2.732,210.6766095,8.324,2010,12,3,0.992708874098054,0.120536680255323,1.0,6.123233995736766e-17,575.568497154,426.68823999999995,1946070.88,1990483.78,1991013.13,792919.48,11
18,2010-03-26,1092704.09,0,47.55,2.831,131.863129,9.202,2010,12,3,0.992708874098054,0.120536680255323,1.0,6.123233995736766e-17,373.304518199,437.5551,1087507.47,1138800.32,1179738.5,781737.5666666686,9
20,2010-03-26,1894742.95,0,50.49,2.854,204.201755,8.187,2010,12,3,0.992708874098054,0.120536680255323,1.0,6.123233995736766e-17,582.79180877,413.36163,1951848.43,2010974.84,2119213.72,904742.8733333353,12
38,2010-03-26,335858.11,0,60.06,3.083,126.6050645,13.975,2010,12,3,0.992708874098054,0.120536680255323,1.0,6.123233995736766e-17,390.3234138535,839.3385,333025.47,342023.92,372239.89,1242221.2100000007,31
16,2010-03-26,483177.2,0,29.88,2.717,189.7195417,7.039,2010,12,3,0.992708874098054,0.120536680255323,1.0,6.123233995736766e-17,515.4679947989,210.32531999999998,504307.35,445393.74,444181.85,1753393.063333335,7
32,2010-03-26,1076021.58,0,36.59,2.717,189.7195417,9.014,2010,12,3,0.992708874098054,0.120536680255323,1.0,6.123233995736766e-17,515.4679947989,329.82226,1059781.78,1093319.37,1066566.74,1679309.1900000016,25
43,2010-03-26,623097.93,0,54.53,2.732,203.0165945,9.521,2010,12,3,0.992708874098054,0.120536680255323,1.0,6.123233995736766e-17,554.641336174,519.1801300000001,668098.49,645386.94,658600.05,368669.5133333344,37
7,2010-03-26,514731.6,0,23.33,2.717,189.7195417,9.014,2010,12,3,0.992708874098054,0.120536680255323,1.0,6.123233995736766e-17,515.4679947989,210.29661999999996,574450.23,480452.1,491419.55,613309.926666668,42
10,2010-03-26,1893532.46,0,60.05,2.98,126.6050645,9.765,2010,12,3,0.992708874098054,0.120536680255323,1.0,6.123233995736766e-17,377.28309221,586.38825,1946875.06,1941346.13,1987090.09,1214755.8800000015,1
35,2010-03-26,1078900.44,0,52.34,2.854,135.7073618,9.262,2010,12,3,0.992708874098054,0.120536680255323,1.0,6.123233995736766e-17,387.3088105772,484.77308000000005,1117536.09,1150344.39,1162610.27,573862.7433333347,28
36,2010-03-26,404438.51,0,55.76,2.711,209.7870932,8.554,2010,12,3,0.992708874098054,0.120536680255323,1.0,6.123233995736766e-17,568.7328096652,476.97104,428851.99,441434.2,480203.43,1023873.3166666677,29
4,2010-03-26,1762539.3,0,39.91,2.752,126.6050645,8.623,2010,12,3,0.992708874098054,0.120536680255323,1.0,6.123233995736766e-17,348.417137504,344.14392999999995,1897429.36,1894324.09,1971057.44,911804.4066666675,33
37,2010-03-26,515777.97,0,55.76,2.732,209.7870932,8.554,2010,12,3,0.992708874098054,0.120536680255323,1.0,6.123233995736766e-17,573.1383386224,476.97104,460020.74,513015.35,519255.68,906525.676666668,30
12,2010-03-26,981615.81,0,60.06,3.083,126.6050645,13.975,2010,12,3,0.992708874098054,0.120536680255323,1.0,6.123233995736766e-17,390.3234138535,839.3385,972088.34,985594.23,1077018.27,1163311.693333335,3
11,2010-03-26,1245624.27,0,58.09,2.732,214.3241011,7.368,2010,12,3,0.992708874098054,0.120536680255323,1.0,6.123233995736766e-17,585.5334442052001,428.00712000000004,1364207.0,1331883.16,1426622.65,1545563.7900000017,2
25,2010-03-26,696687.6,0,45.84,2.854,204.201755,8.187,2010,12,3,0.992708874098054,0.120536680255323,1.0,6.123233995736766e-17,582.79180877,375.29208,659795.84,660619.99,665750.06,1023633.4233333352,17
16,2010-04-02,490503.69,0,36.19,2.725,189.7048215,6.842,2010,13,4,1.0,-1.6081226496766366e-16,0.8660254037844387,-0.4999999999999998,516.9456385875001,247.61197999999996,483177.2,504307.35,445393.74,1259002.1000000017,7
39,2010-04-02,1463942.62,0,63.31,2.719,209.5938656,8.464,2010,13,4,1.0,-1.6081226496766366e-16,0.8660254037844387,-0.4999999999999998,569.8857205664,535.8558400000001,1235094.66,1301590.13,1244391.83,451451.1333333344,32
20,2010-04-02,2405395.22,0,51.0,2.85,204.0252842,7.856,2010,13,4,1.0,-1.6081226496766366e-16,0.8660254037844387,-0.4999999999999998,581.47205997,400.656,1894742.95,1951848.43,2010974.84,892424.3233333352,12
36,2010-04-02,435972.82,0,63.43,2.708,209.5938656,8.464,2010,13,4,1.0,-1.6081226496766366e-16,0.8660254037844387,-0.4999999999999998,567.5801880448,536.87152,404438.51,428851.99,441434.2,999131.680000001,29
42,2010-04-02,505907.41,0,63.66,3.086,126.6034839,9.524,2010,13,4,1.0,-1.6081226496766366e-16,0.8660254037844387,-0.4999999999999998,390.6983513154,606.29784,478021.68,519914.1,588363.62,799274.8500000011,36
38,2010-04-02,368929.55,0,59.84,3.086,126.6034839,14.099,2010,13,4,1.0,-1.6081226496766366e-16,0.8660254037844387,-0.4999999999999998,390.6983513154,843.68416,335858.11,333025.47,342023.92,1399780.443333334,31
2,2010-04-02,2066187.72,0,63.27,2.719,210.4798874,8.2,2010,13,4,1.0,-1.6081226496766366e-16,0.8660254037844387,-0.4999999999999998,572.2948138406,518.814,1750197.81,1946070.88,1990483.78,1115353.2133333334,11
45,2010-04-02,877235.96,0,47.74,2.85,181.8657537,8.899,2010,13,4,1.0,-1.6081226496766366e-16,0.8660254037844387,-0.4999999999999998,518.317398045,424.83826,782563.38,773819.49,765687.42,863201.830000001,39
11,2010-04-02,1446210.26,0,66.16,2.719,214.1180803,7.343,2010,13,4,1.0,-1.6081226496766366e-16,0.8660254037844387,-0.4999999999999998,582.1870603356999,485.81287999999995,1245624.27,1364207.0,1331883.16,1677957.443333335,2
13,2010-04-02,2142482.14,0,42.15,2.842,126.6034839,8.107,2010,13,4,1.0,-1.6081226496766366e-16,0.8660254037844387,-0.4999999999999998,359.8071012438,341.71004999999997,1882095.98,1879794.89,1840686.94,1286040.1300000015,4
34,2010-04-02,979428.66,0,50.07,2.74,126.6034839,9.593,2010,13,4,1.0,-1.6081226496766366e-16,0.8660254037844387,-0.4999999999999998,346.893545886,480.32151,880742.35,892070.82,921247.88,1313316.1700000018,27
27,2010-04-02,2053952.97,0,46.9,2.957,135.7464988,8.058,2010,13,4,1.0,-1.6081226496766366e-16,0.8660254037844387,-0.4999999999999998,401.4023969516,377.92019999999997,1836714.84,1700627.97,1925113.12,1110659.8133333346,19
43,2010-04-02,650102.8,0,62.19,2.719,202.83803,9.593,2010,13,4,1.0,-1.6081226496766366e-16,0.8660254037844387,-0.4999999999999998,551.51660357,596.58867,623097.93,668098.49,645386.94,768111.2833333345,37
9,2010-04-02,545206.32,0,65.21,2.719,214.3465181,6.384,2010,13,4,1.0,-1.6081226496766366e-16,0.8660254037844387,-0.4999999999999998,582.8081827139,416.30064,484946.56,485744.61,494145.8,1214737.0233333348,44
31,2010-04-02,1357600.68,0,64.12,2.719,210.4798874,8.2,2010,13,4,1.0,-1.6081226496766366e-16,0.8660254037844387,-0.4999999999999998,572.2948138406,525.784,1229635.7,1332261.01,1366193.35,1543827.5033333346,24
4,2010-04-02,1979247.12,0,48.77,2.74,126.6034839,7.896,2010,13,4,1.0,-1.6081226496766366e-16,0.8660254037844387,-0.4999999999999998,346.893545886,385.08792,1762539.3,1897429.36,1894324.09,1445901.8866666674,33
5,2010-04-02,331406.0,0,63.18,2.719,211.372888,6.465,2010,13,4,1.0,-1.6081226496766366e-16,0.8660254037844387,-0.4999999999999998,574.7228824719999,408.45869999999996,273282.97,281706.41,297293.59,850418.8600000009,40
8,2010-04-02,914500.91,0,60.18,2.719,214.164218,6.29,2010,13,4,1.0,-1.6081226496766366e-16,0.8660254037844387,-0.4999999999999998,582.312508742,378.5322,772539.12,839911.0,860336.16,1018552.4000000013,43
15,2010-04-02,718470.71,0,45.27,2.957,131.9019677,8.185,2010,13,4,1.0,-1.6081226496766366e-16,0.8660254037844387,-0.4999999999999998,390.0341184889,370.53495000000004,592111.49,593710.67,604173.59,795778.8033333352,6
37,2010-04-02,540189.7,0,63.43,2.719,209.5938656,8.464,2010,13,4,1.0,-1.6081226496766366e-16,0.8660254037844387,-0.4999999999999998,569.8857205664,536.87152,515777.97,460020.74,513015.35,1329439.826666668,30
7,2010-04-02,561145.14,0,38.26,2.725,189.7048215,8.963,2010,13,4,1.0,-1.6081226496766366e-16,0.8660254037844387,-0.4999999999999998,516.9456385875001,342.9243799999999,514731.6,574450.23,480452.1,1127851.1433333347,42
41,2010-04-02,1168826.39,0,41.31,2.725,189.7048215,7.363,2010,13,4,1.0,-1.6081226496766366e-16,0.8660254037844387,-0.4999999999999998,516.9456385875001,304.16553000000005,1015196.46,1006597.69,1023997.71,1338757.4933333343,35
35,2010-04-02,1189556.47,0,46.9,2.85,135.7464988,9.051,2010,13,4,1.0,-1.6081226496766366e-16,0.8660254037844387,-0.4999999999999998,386.87752158000006,424.4919,1078900.44,1117536.09,1150344.39,584606.0000000014,28
10,2010-04-02,2138651.97,0,63.66,3.086,126.6034839,9.524,2010,13,4,1.0,-1.6081226496766366e-16,0.8660254037844387,-0.4999999999999998,390.6983513154,606.29784,1893532.46,1946875.06,1941346.13,1509587.586666668,1
17,2010-04-02,848521.17,0,36.94,2.842,126.6034839,6.635,2010,13,4,1.0,-1.6081226496766366e-16,0.8660254037844387,-0.4999999999999998,359.8071012438,245.09689999999998,793097.64,752034.52,763961.82,432136.7866666685,8
12,2010-04-02,1011822.3,0,59.84,3.086,126.6034839,14.099,2010,13,4,1.0,-1.6081226496766366e-16,0.8660254037844387,-0.4999999999999998,390.6983513154,843.68416,981615.81,972088.34,985594.23,1025437.2300000014,3
30,2010-04-02,457884.06,0,64.12,2.719,210.4798874,8.2,2010,13,4,1.0,-1.6081226496766366e-16,0.8660254037844387,-0.4999999999999998,572.2948138406,525.784,442457.35,445736.36,468189.93,785903.8500000016,23
6,2010-04-02,1770333.9,0,64.94,2.719,212.3322805,7.092,2010,13,4,1.0,-1.6081226496766366e-16,0.8660254037844387,-0.4999999999999998,577.3314706795,460.55447999999996,1472033.38,1693058.91,1558621.36,1418324.5766666674,41
3,2010-04-02,423294.4,0,65.56,2.719,214.1180803,7.343,2010,13,4,1.0,-1.6081226496766366e-16,0.8660254037844387,-0.4999999999999998,582.1870603356999,481.40708,359949.27,375328.59,384200.69,465796.32666666695,22
28,2010-04-02,1441559.4,0,59.84,3.086,126.6034839,14.099,2010,13,4,1.0,-1.6081226496766366e-16,0.8660254037844387,-0.4999999999999998,390.6983513154,843.68416,1245268.77,1279819.43,1326877.11,1007095.453333335,20
25,2010-04-02,822486.37,0,47.2,2.85,204.0252842,7.856,2010,13,4,1.0,-1.6081226496766366e-16,0.8660254037844387,-0.4999999999999998,581.47205997,370.8032,696687.6,659795.84,660619.99,1039567.0633333352,17
22,2010-04-02,1177340.99,0,44.96,2.826,135.7464988,8.348,2010,13,4,1.0,-1.6081226496766366e-16,0.8660254037844387,-0.4999999999999998,383.61960560880004,375.32608000000005,1012075.12,966145.09,967187.37,770365.030000002,14
23,2010-04-02,1556627.62,0,40.5,2.826,131.9019677,5.435,2010,13,4,1.0,-1.6081226496766366e-16,0.8660254037844387,-0.4999999999999998,372.7549607202,220.11749999999998,1310701.8,1229008.32,1408082.96,856319.9300000019,15
33,2010-04-02,274634.52,0,66.79,3.086,126.6034839,9.849,2010,13,4,1.0,-1.6081226496766366e-16,0.8660254037844387,-0.4999999999999998,390.6983513154,657.8147100000001,262893.76,282235.73,312161.0,832667.893333335,26
26,2010-04-02,1029849.2,0,36.53,2.826,131.9019677,8.512,2010,13,4,1.0,-1.6081226496766366e-16,0.8660254037844387,-0.4999999999999998,372.7549607202,310.94336000000004,893613.0,903366.55,963382.09,1244052.3900000018,18
21,2010-04-02,753664.12,0,64.12,2.719,210.4798874,8.2,2010,13,4,1.0,-1.6081226496766366e-16,0.8660254037844387,-0.4999999999999998,572.2948138406,525.784,686497.53,727070.0,712312.89,899602.240000002,13
32,2010-04-02,1131732.94,0,48.28,2.725,189.7048215,8.963,2010,13,4,1.0,-1.6081226496766366e-16,0.8660254037844387,-0.4999999999999998,516.9456385875001,432.73364,1076021.58,1059781.78,1093319.37,1656552.8266666683,25
14,2010-04-02,2495630.51,0,47.74,2.85,181.8657537,8.899,2010,13,4,1.0,-1.6081226496766366e-16,0.8660254037844387,-0.4999999999999998,518.317398045,424.83826,2050396.27,2066219.3,2156035.06,978322.8000000017,5
19,2010-04-02,1642970.27,0,45.26,2.957,131.9019677,8.185,2010,13,4,1.0,-1.6081226496766366e-16,0.8660254037844387,-0.4999999999999998,390.0341184889,370.4531,1427023.45,1332940.35,1467889.2,947612.8600000016,10
18,2010-04-02,1254107.84,0,45.63,2.826,131.9019677,9.269,2010,13,4,1.0,-1.6081226496766366e-16,0.8660254037844387,-0.4999999999999998,372.7549607202,422.94447,1092704.09,1087507.47,1138800.32,522748.7000000019,9
29,2010-04-02,599629.25,0,44.96,2.826,131.9019677,10.16,2010,13,4,1.0,-1.6081226496766366e-16,0.8660254037844387,-0.4999999999999998,372.7549607202,456.7936,552985.34,496851.6,519042.49,1089323.6900000016,21
40,2010-04-02,1041202.13,0,41.39,2.826,131.9019677,5.435,2010,13,4,1.0,-1.6081226496766366e-16,0.8660254037844387,-0.4999999999999998,372.7549607202,224.95465,873354.58,894865.3,899352.4,1208657.5533333344,34
24,2010-04-02,1478321.26,0,45.22,2.957,131.9019677,8.211,2010,13,4,1.0,-1.6081226496766366e-16,0.8660254037844387,-0.4999999999999998,390.0341184889,371.30142,1258311.56,1222511.29,1309340.16,976582.6366666682,16
44,2010-04-02,286197.5,0,42.15,2.842,126.6034839,7.972,2010,13,4,1.0,-1.6081226496766366e-16,0.8660254037844387,-0.4999999999999998,359.8071012438,336.01980000000003,276279.49,269624.2,272190.83,1340448.416666668,38
11,2010-04-09,1470308.32,0,69.57,2.77,213.9120595,7.343,2010,14,4,0.992708874098054,-0.12053668025532288,0.8660254037844387,-0.4999999999999998,592.536404815,510.85250999999994,1446210.26,1245624.27,1364207.0,1148358.6566666684,2
16,2010-04-09,424083.99,0,34.21,2.75,189.6901012,6.842,2010,14,4,0.992708874098054,-0.12053668025532288,0.8660254037844387,-0.4999999999999998,521.6477782999999,234.06482,490503.69,483177.2,504307.35,1719430.453333335,7
35,2010-04-09,1198014.97,0,62.62,2.869,135.7856359,9.051,2010,14,4,0.992708874098054,-0.12053668025532288,0.8660254037844387,-0.4999999999999998,389.5689893971,566.7736199999999,1189556.47,1078900.44,1117536.09,967944.8900000015,28
25,2010-04-09,712647.97,0,61.36,2.869,203.8488134,7.856,2010,14,4,0.992708874098054,-0.12053668025532288,0.8660254037844387,-0.4999999999999998,584.8422456446001,482.04416,822486.37,696687.6,659795.84,775780.6133333351,17
18,2010-04-09,1174447.55,0,59.91,2.849,131.9408065,9.269,2010,14,4,0.992708874098054,-0.12053668025532288,0.8660254037844387,-0.4999999999999998,375.8993577185,555.30579,1254107.84,1092704.09,1087507.47,970124.7666666685,9
4,2010-04-09,1818452.72,0,54.16,2.773,126.6019032,7.896,2010,14,4,0.992708874098054,-0.12053668025532288,0.8660254037844387,-0.4999999999999998,351.0670775736,427.64736,1979247.12,1762539.3,1897429.36,1996478.9200000009,33
10,2010-04-09,2041069.37,0,65.29,3.004,126.6019032,9.524,2010,14,4,0.992708874098054,-0.12053668025532288,0.8660254037844387,-0.4999999999999998,380.3121172128,621.82196,2138651.97,1893532.46,1946875.06,1942059.4700000016,1
45,2010-04-09,833782.7,0,65.45,2.869,181.7596377,8.899,2010,14,4,0.992708874098054,-0.12053668025532288,0.8660254037844387,-0.4999999999999998,521.4684005613001,582.4395499999999,877235.96,782563.38,773819.49,836320.2333333343,39
12,2010-04-09,1041238.87,0,59.25,3.09,126.6019032,14.099,2010,14,4,0.992708874098054,-0.12053668025532288,0.8660254037844387,-0.4999999999999998,391.199880888,835.36575,1011822.3,981615.81,972088.34,791337.9266666682,3
38,2010-04-09,341630.46,0,59.25,3.09,126.6019032,14.099,2010,14,4,0.992708874098054,-0.12053668025532288,0.8660254037844387,-0.4999999999999998,391.199880888,835.36575,368929.55,335858.11,333025.47,1639828.176666667,31
3,2010-04-09,415870.28,0,68.0,2.77,213.9120595,7.343,2010,14,4,0.992708874098054,-0.12053668025532288,0.8660254037844387,-0.4999999999999998,592.536404815,499.324,423294.4,359949.27,375328.59,592958.5700000003,22
40,2010-04-09,919839.19,0,54.31,2.849,131.9408065,5.435,2010,14,4,0.992708874098054,-0.12053668025532288,0.8660254037844387,-0.4999999999999998,375.8993577185,295.17485,1041202.13,873354.58,894865.3,1081051.6000000013,34
6,2010-04-09,1667181.82,0,66.15,2.77,212.1308239,7.092,2010,14,4,0.992708874098054,-0.12053668025532288,0.8660254037844387,-0.4999999999999998,587.602382203,469.1358,1770333.9,1472033.38,1693058.91,1563969.080000001,41
31,2010-04-09,1395710.09,0,65.74,2.77,210.2831653,8.2,2010,14,4,0.992708874098054,-0.12053668025532288,0.8660254037844387,-0.4999999999999998,582.484367881,539.0679999999999,1357600.68,1229635.7,1332261.01,1512978.090000001,24
44,2010-04-09,257361.3,0,38.97,2.877,126.6019032,7.972,2010,14,4,0.992708874098054,-0.12053668025532288,0.8660254037844387,-0.4999999999999998,364.23367550639995,310.66884,286197.5,276279.49,269624.2,1879809.6033333347,38
2,2010-04-09,1954689.21,0,65.41,2.77,210.2831653,8.2,2010,14,4,0.992708874098054,-0.12053668025532288,0.8660254037844387,-0.4999999999999998,582.484367881,536.362,2066187.72,1750197.81,1946070.88,891316.3366666666,11
27,2010-04-09,1955814.13,0,62.62,2.992,135.7856359,8.058,2010,14,4,0.992708874098054,-0.12053668025532288,0.8660254037844387,-0.4999999999999998,406.27062261279997,504.59196,2053952.97,1836714.84,1700627.97,897815.7133333348,19
33,2010-04-09,325201.05,0,68.43,3.004,126.6019032,9.849,2010,14,4,0.992708874098054,-0.12053668025532288,0.8660254037844387,-0.4999999999999998,380.3121172128,673.96707,274634.52,262893.76,282235.73,817683.7600000018,26
29,2010-04-09,569937.23,0,57.06,2.849,131.9408065,10.16,2010,14,4,0.992708874098054,-0.12053668025532288,0.8660254037844387,-0.4999999999999998,375.8993577185,579.7296,599629.25,552985.34,496851.6,560129.663333335,21
14,2010-04-09,2258781.28,0,65.45,2.869,181.7596377,8.899,2010,14,4,0.992708874098054,-0.12053668025532288,0.8660254037844387,-0.4999999999999998,521.4684005613001,582.4395499999999,2495630.51,2050396.27,2066219.3,1137127.723333335,5
19,2010-04-09,1489613.32,0,55.66,2.992,131.9408065,8.185,2010,14,4,0.992708874098054,-0.12053668025532288,0.8660254037844387,-0.4999999999999998,394.76689304800004,455.5771,1642970.27,1427023.45,1332940.35,1077895.623333335,10
41,2010-04-09,1082158.21,0,37.3,2.75,189.6901012,7.363,2010,14,4,0.992708874098054,-0.12053668025532288,0.8660254037844387,-0.4999999999999998,521.6477782999999,274.6399,1168826.39,1015196.46,1006597.69,910977.9633333342,35
15,2010-04-09,634605.77,0,57.77,2.992,131.9408065,8.185,2010,14,4,0.992708874098054,-0.12053668025532288,0.8660254037844387,-0.4999999999999998,394.76689304800004,472.84745000000004,718470.71,592111.49,593710.67,1087234.590000002,6
5,2010-04-09,328020.49,0,65.19,2.77,211.1738835,6.465,2010,14,4,0.992708874098054,-0.12053668025532288,0.8660254037844387,-0.4999999999999998,584.951657295,421.45335,331406.0,273282.97,281706.41,744439.290000001,40
26,2010-04-09,1022293.81,0,50.13,2.849,131.9408065,8.512,2010,14,4,0.992708874098054,-0.12053668025532288,0.8660254037844387,-0.4999999999999998,375.8993577185,426.70656,1029849.2,893613.0,903366.55,779365.5666666683,18
34,2010-04-09,950684.2,0,51.26,2.773,126.6019032,9.593,2010,14,4,0.992708874098054,-0.12053668025532288,0.8660254037844387,-0.4999999999999998,351.0670775736,491.73717999999997,979428.66,880742.35,892070.82,1233541.5566666685,27
23,2010-04-09,1264434.7,0,56.82,2.849,131.9408065,5.435,2010,14,4,0.992708874098054,-0.12053668025532288,0.8660254037844387,-0.4999999999999998,375.8993577185,308.81669999999997,1556627.62,1310701.8,1229008.32,821200.2433333352,15
22,2010-04-09,1033171.07,0,57.06,2.849,135.7856359,8.348,2010,14,4,0.992708874098054,-0.12053668025532288,0.8660254037844387,-0.4999999999999998,386.8532766791,476.33688000000006,1177340.99,1012075.12,966145.09,872317.100000002,14
37,2010-04-09,513327.55,0,68.54,2.77,209.400638,8.464,2010,14,4,0.992708874098054,-0.12053668025532288,0.8660254037844387,-0.4999999999999998,580.03976726,580.1225600000001,540189.7,515777.97,460020.74,1183153.586666668,30
21,2010-04-09,751181.4,0,65.74,2.77,210.2831653,8.2,2010,14,4,0.992708874098054,-0.12053668025532288,0.8660254037844387,-0.4999999999999998,582.484367881,539.0679999999999,753664.12,686497.53,727070.0,535796.3800000021,13
28,2010-04-09,1382359.21,0,59.25,3.09,126.6019032,14.099,2010,14,4,0.992708874098054,-0.12053668025532288,0.8660254037844387,-0.4999999999999998,391.199880888,835.36575,1441559.4,1245268.77,1279819.43,1062669.2400000016,20
13,2010-04-09,1898321.33,0,38.97,2.877,126.6019032,8.107,2010,14,4,0.992708874098054,-0.12053668025532288,0.8660254037844387,-0.4999999999999998,364.23367550639995,315.92978999999997,2142482.14,1882095.98,1879794.89,1250611.6000000015,4
20,2010-04-09,2007796.26,0,65.1,2.869,203.8488134,7.856,2010,14,4,0.992708874098054,-0.12053668025532288,0.8660254037844387,-0.4999999999999998,584.8422456446001,511.4256,2405395.22,1894742.95,1951848.43,701283.1066666687,12
32,2010-04-09,1095889.22,0,44.88,2.75,189.6901012,8.963,2010,14,4,0.992708874098054,-0.12053668025532288,0.8660254037844387,-0.4999999999999998,521.6477782999999,402.25944,1131732.94,1076021.58,1059781.78,1902120.030000002,25
9,2010-04-09,529384.31,0,64.95,2.77,214.1399135,6.384,2010,14,4,0.992708874098054,-0.12053668025532288,0.8660254037844387,-0.4999999999999998,593.167560395,414.6408,545206.32,484946.56,485744.61,1029522.2933333348,44
24,2010-04-09,1379579.63,0,62.06,2.992,131.9408065,8.211,2010,14,4,0.992708874098054,-0.12053668025532288,0.8660254037844387,-0.4999999999999998,394.76689304800004,509.57466000000005,1478321.26,1258311.56,1222511.29,743012.8566666682,16
39,2010-04-09,1327035.27,0,68.15,2.77,209.400638,8.464,2010,14,4,0.992708874098054,-0.12053668025532288,0.8660254037844387,-0.4999999999999998,580.03976726,576.8216000000001,1463942.62,1235094.66,1301590.13,612453.4733333344,32
17,2010-04-09,770228.02,0,34.05,2.877,126.6019032,6.635,2010,14,4,0.992708874098054,-0.12053668025532288,0.8660254037844387,-0.4999999999999998,364.23367550639995,225.92174999999997,848521.17,793097.64,752034.52,433737.2666666685,8
36,2010-04-09,453016.91,0,68.54,2.743,209.400638,8.464,2010,14,4,0.992708874098054,-0.12053668025532288,0.8660254037844387,-0.4999999999999998,574.385950034,580.1225600000001,435972.82,404438.51,428851.99,833170.7166666677,29
7,2010-04-09,484263.25,0,33.79,2.75,189.6901012,8.963,2010,14,4,0.992708874098054,-0.12053668025532288,0.8660254037844387,-0.4999999999999998,521.6477782999999,302.85976999999997,561145.14,514731.6,574450.23,872999.6233333348,42
8,2010-04-09,916033.92,0,59.25,2.77,213.9580793,6.29,2010,14,4,0.992708874098054,-0.12053668025532288,0.8660254037844387,-0.4999999999999998,592.663879661,372.6825,914500.91,772539.12,839911.0,548005.1600000014,43
30,2010-04-09,454800.96,0,65.74,2.77,210.2831653,8.2,2010,14,4,0.992708874098054,-0.12053668025532288,0.8660254037844387,-0.4999999999999998,582.484367881,539.0679999999999,457884.06,442457.35,445736.36,623957.2266666683,23
42,2010-04-09,582552.26,0,65.29,3.004,126.6019032,9.524,2010,14,4,0.992708874098054,-0.12053668025532288,0.8660254037844387,-0.4999999999999998,380.3121172128,621.82196,505907.41,478021.68,519914.1,798855.9533333344,36
43,2010-04-09,693058.34,0,64.37,2.77,202.6594654,9.593,2010,14,4,0.992708874098054,-0.12053668025532288,0.8660254037844387,-0.4999999999999998,561.366719158,617.5014100000001,650102.8,623097.93,668098.49,802400.4433333344,37
19,2010-04-16,1460354.67,0,49.67,3.01,131.9809,8.185,2010,15,4,0.9709418174260521,-0.2393156642875575,0.8660254037844387,-0.4999999999999998,397.26250899999997,406.54895000000005,1489613.32,1642970.27,1427023.45,678635.143333335,10
5,2010-04-16,306858.69,0,65.3,2.808,211.0388528,6.465,2010,15,4,0.9709418174260521,-0.2393156642875575,0.8660254037844387,-0.4999999999999998,592.5970986624,422.1645,328020.49,331406.0,273282.97,695575.0966666676,40
39,2010-04-16,1242874.98,0,66.33,2.808,209.2691428,8.464,2010,15,4,0.9709418174260521,-0.2393156642875575,0.8660254037844387,-0.4999999999999998,587.6277529824,561.4171200000001,1327035.27,1463942.62,1235094.66,977627.7666666679,32
34,2010-04-16,923344.54,0,59.18,2.81,126.5621,9.593,2010,15,4,0.9709418174260521,-0.2393156642875575,0.8660254037844387,-0.4999999999999998,355.639501,567.71374,950684.2,979428.66,880742.35,1065048.8666666683,27
